SK_Customer,SK_Product,SK_Employee,DateKey,ID_Invoice_Original,Quantity_Sold,Historical_Unit_Price,Total_Line_Revenue
2,2,5,20210101,1,1,.99,.99
2,4,5,20210101,1,1,.99,.99
4,6,4,20210102,2,1,.99,.99
4,8,4,20210102,2,1,.99,.99
4,10,4,20210102,2,1,.99,.99
4,12,4,20210102,2,1,.99,.99
8,16,4,20210103,3,1,.99,.99
8,20,4,20210103,3,1,.99,.99
8,24,4,20210103,3,1,.99,.99
8,28,4,20210103,3,1,.99,.99
8,32,4,20210103,3,1,.99,.99
8,36,4,20210103,3,1,.99,.99
14,42,5,20210106,4,1,.99,.99
14,48,5,20210106,4,1,.99,.99
14,54,5,20210106,4,1,.99,.99
14,60,5,20210106,4,1,.99,.99
14,66,5,20210106,4,1,.99,.99
14,72,5,20210106,4,1,.99,.99
14,78,5,20210106,4,1,.99,.99
14,84,5,20210106,4,1,.99,.99
14,90,5,20210106,4,1,.99,.99
23,99,4,20210111,5,1,.99,.99
23,108,4,20210111,5,1,.99,.99
23,117,4,20210111,5,1,.99,.99
23,126,4,20210111,5,1,.99,.99
23,135,4,20210111,5,1,.99,.99
23,144,4,20210111,5,1,.99,.99
23,153,4,20210111,5,1,.99,.99
23,162,4,20210111,5,1,.99,.99
23,171,4,20210111,5,1,.99,.99
23,180,4,20210111,5,1,.99,.99
23,189,4,20210111,5,1,.99,.99
23,198,4,20210111,5,1,.99,.99
23,207,4,20210111,5,1,.99,.99
23,216,4,20210111,5,1,.99,.99
37,230,3,20210119,6,1,.99,.99
38,231,3,20210201,7,1,.99,.99
38,232,3,20210201,7,1,.99,.99
40,234,4,20210201,8,1,.99,.99
40,236,4,20210201,8,1,.99,.99
42,238,3,20210202,9,1,.99,.99
42,240,3,20210202,9,1,.99,.99
42,242,3,20210202,9,1,.99,.99
42,244,3,20210202,9,1,.99,.99
46,248,3,20210203,10,1,.99,.99
46,252,3,20210203,10,1,.99,.99
46,256,3,20210203,10,1,.99,.99
46,260,3,20210203,10,1,.99,.99
46,264,3,20210203,10,1,.99,.99
46,268,3,20210203,10,1,.99,.99
52,274,3,20210206,11,1,.99,.99
52,280,3,20210206,11,1,.99,.99
52,286,3,20210206,11,1,.99,.99
52,292,3,20210206,11,1,.99,.99
52,298,3,20210206,11,1,.99,.99
52,304,3,20210206,11,1,.99,.99
52,310,3,20210206,11,1,.99,.99
52,316,3,20210206,11,1,.99,.99
52,322,3,20210206,11,1,.99,.99
2,331,5,20210211,12,1,.99,.99
2,340,5,20210211,12,1,.99,.99
2,349,5,20210211,12,1,.99,.99
2,358,5,20210211,12,1,.99,.99
2,367,5,20210211,12,1,.99,.99
2,376,5,20210211,12,1,.99,.99
2,385,5,20210211,12,1,.99,.99
2,394,5,20210211,12,1,.99,.99
2,403,5,20210211,12,1,.99,.99
2,412,5,20210211,12,1,.99,.99
2,421,5,20210211,12,1,.99,.99
2,430,5,20210211,12,1,.99,.99
2,439,5,20210211,12,1,.99,.99
2,448,5,20210211,12,1,.99,.99
16,462,4,20210219,13,1,.99,.99
17,463,5,20210304,14,1,.99,.99
17,464,5,20210304,14,1,.99,.99
19,466,3,20210304,15,1,.99,.99
19,468,3,20210304,15,1,.99,.99
21,470,5,20210305,16,1,.99,.99
21,472,5,20210305,16,1,.99,.99
21,474,5,20210305,16,1,.99,.99
21,476,5,20210305,16,1,.99,.99
25,480,5,20210306,17,1,.99,.99
25,484,5,20210306,17,1,.99,.99
25,488,5,20210306,17,1,.99,.99
25,492,5,20210306,17,1,.99,.99
25,496,5,20210306,17,1,.99,.99
25,500,5,20210306,17,1,.99,.99
31,506,5,20210309,18,1,.99,.99
31,512,5,20210309,18,1,.99,.99
31,518,5,20210309,18,1,.99,.99
31,524,5,20210309,18,1,.99,.99
31,530,5,20210309,18,1,.99,.99
31,536,5,20210309,18,1,.99,.99
31,542,5,20210309,18,1,.99,.99
31,548,5,20210309,18,1,.99,.99
31,554,5,20210309,18,1,.99,.99
40,563,4,20210314,19,1,.99,.99
40,572,4,20210314,19,1,.99,.99
40,581,4,20210314,19,1,.99,.99
40,590,4,20210314,19,1,.99,.99
40,599,4,20210314,19,1,.99,.99
40,608,4,20210314,19,1,.99,.99
40,617,4,20210314,19,1,.99,.99
40,626,4,20210314,19,1,.99,.99
40,635,4,20210314,19,1,.99,.99
40,644,4,20210314,19,1,.99,.99
40,653,4,20210314,19,1,.99,.99
40,662,4,20210314,19,1,.99,.99
40,671,4,20210314,19,1,.99,.99
40,680,4,20210314,19,1,.99,.99
54,694,5,20210322,20,1,.99,.99
55,695,4,20210404,21,1,.99,.99
55,696,4,20210404,21,1,.99,.99
57,698,5,20210404,22,1,.99,.99
57,700,5,20210404,22,1,.99,.99
59,702,3,20210405,23,1,.99,.99
59,704,3,20210405,23,1,.99,.99
59,706,3,20210405,23,1,.99,.99
59,708,3,20210405,23,1,.99,.99
4,712,4,20210406,24,1,.99,.99
4,716,4,20210406,24,1,.99,.99
4,720,4,20210406,24,1,.99,.99
4,724,4,20210406,24,1,.99,.99
4,728,4,20210406,24,1,.99,.99
4,732,4,20210406,24,1,.99,.99
10,738,4,20210409,25,1,.99,.99
10,744,4,20210409,25,1,.99,.99
10,750,4,20210409,25,1,.99,.99
10,756,4,20210409,25,1,.99,.99
10,762,4,20210409,25,1,.99,.99
10,768,4,20210409,25,1,.99,.99
10,774,4,20210409,25,1,.99,.99
10,780,4,20210409,25,1,.99,.99
10,786,4,20210409,25,1,.99,.99
19,795,3,20210414,26,1,.99,.99
19,804,3,20210414,26,1,.99,.99
19,813,3,20210414,26,1,.99,.99
19,822,3,20210414,26,1,.99,.99
19,831,3,20210414,26,1,.99,.99
19,840,3,20210414,26,1,.99,.99
19,849,3,20210414,26,1,.99,.99
19,858,3,20210414,26,1,.99,.99
19,867,3,20210414,26,1,.99,.99
19,876,3,20210414,26,1,.99,.99
19,885,3,20210414,26,1,.99,.99
19,894,3,20210414,26,1,.99,.99
19,903,3,20210414,26,1,.99,.99
19,912,3,20210414,26,1,.99,.99
33,926,3,20210422,27,1,.99,.99
34,927,4,20210505,28,1,.99,.99
34,928,4,20210505,28,1,.99,.99
36,930,5,20210505,29,1,.99,.99
36,932,5,20210505,29,1,.99,.99
38,934,3,20210506,30,1,.99,.99
38,936,3,20210506,30,1,.99,.99
38,938,3,20210506,30,1,.99,.99
38,940,3,20210506,30,1,.99,.99
42,944,3,20210507,31,1,.99,.99
42,948,3,20210507,31,1,.99,.99
42,952,3,20210507,31,1,.99,.99
42,956,3,20210507,31,1,.99,.99
42,960,3,20210507,31,1,.99,.99
42,964,3,20210507,31,1,.99,.99
48,970,5,20210510,32,1,.99,.99
48,976,5,20210510,32,1,.99,.99
48,982,5,20210510,32,1,.99,.99
48,988,5,20210510,32,1,.99,.99
48,994,5,20210510,32,1,.99,.99
48,1000,5,20210510,32,1,.99,.99
48,1006,5,20210510,32,1,.99,.99
48,1012,5,20210510,32,1,.99,.99
48,1018,5,20210510,32,1,.99,.99
57,1027,5,20210515,33,1,.99,.99
57,1036,5,20210515,33,1,.99,.99
57,1045,5,20210515,33,1,.99,.99
57,1054,5,20210515,33,1,.99,.99
57,1063,5,20210515,33,1,.99,.99
57,1072,5,20210515,33,1,.99,.99
57,1081,5,20210515,33,1,.99,.99
57,1090,5,20210515,33,1,.99,.99
57,1099,5,20210515,33,1,.99,.99
57,1108,5,20210515,33,1,.99,.99
57,1117,5,20210515,33,1,.99,.99
57,1126,5,20210515,33,1,.99,.99
57,1135,5,20210515,33,1,.99,.99
57,1144,5,20210515,33,1,.99,.99
12,1158,3,20210523,34,1,.99,.99
13,1159,4,20210605,35,1,.99,.99
13,1160,4,20210605,35,1,.99,.99
15,1162,3,20210605,36,1,.99,.99
15,1164,3,20210605,36,1,.99,.99
17,1166,5,20210606,37,1,.99,.99
17,1168,5,20210606,37,1,.99,.99
17,1170,5,20210606,37,1,.99,.99
17,1172,5,20210606,37,1,.99,.99
21,1176,5,20210607,38,1,.99,.99
21,1180,5,20210607,38,1,.99,.99
21,1184,5,20210607,38,1,.99,.99
21,1188,5,20210607,38,1,.99,.99
21,1192,5,20210607,38,1,.99,.99
21,1196,5,20210607,38,1,.99,.99
27,1202,4,20210610,39,1,.99,.99
27,1208,4,20210610,39,1,.99,.99
27,1214,4,20210610,39,1,.99,.99
27,1220,4,20210610,39,1,.99,.99
27,1226,4,20210610,39,1,.99,.99
27,1232,4,20210610,39,1,.99,.99
27,1238,4,20210610,39,1,.99,.99
27,1244,4,20210610,39,1,.99,.99
27,1250,4,20210610,39,1,.99,.99
36,1259,5,20210615,40,1,.99,.99
36,1268,5,20210615,40,1,.99,.99
36,1277,5,20210615,40,1,.99,.99
36,1286,5,20210615,40,1,.99,.99
36,1295,5,20210615,40,1,.99,.99
36,1304,5,20210615,40,1,.99,.99
36,1313,5,20210615,40,1,.99,.99
36,1322,5,20210615,40,1,.99,.99
36,1331,5,20210615,40,1,.99,.99
36,1340,5,20210615,40,1,.99,.99
36,1349,5,20210615,40,1,.99,.99
36,1358,5,20210615,40,1,.99,.99
36,1367,5,20210615,40,1,.99,.99
36,1376,5,20210615,40,1,.99,.99
50,1390,5,20210623,41,1,.99,.99
51,1391,5,20210706,42,1,.99,.99
51,1392,5,20210706,42,1,.99,.99
53,1394,3,20210706,43,1,.99,.99
53,1396,3,20210706,43,1,.99,.99
55,1398,4,20210707,44,1,.99,.99
55,1400,4,20210707,44,1,.99,.99
55,1402,4,20210707,44,1,.99,.99
55,1404,4,20210707,44,1,.99,.99
59,1408,3,20210708,45,1,.99,.99
59,1412,3,20210708,45,1,.99,.99
59,1416,3,20210708,45,1,.99,.99
59,1420,3,20210708,45,1,.99,.99
59,1424,3,20210708,45,1,.99,.99
59,1428,3,20210708,45,1,.99,.99
6,1434,5,20210711,46,1,.99,.99
6,1440,5,20210711,46,1,.99,.99
6,1446,5,20210711,46,1,.99,.99
6,1452,5,20210711,46,1,.99,.99
6,1458,5,20210711,46,1,.99,.99
6,1464,5,20210711,46,1,.99,.99
6,1470,5,20210711,46,1,.99,.99
6,1476,5,20210711,46,1,.99,.99
6,1482,5,20210711,46,1,.99,.99
15,1491,3,20210716,47,1,.99,.99
15,1500,3,20210716,47,1,.99,.99
15,1509,3,20210716,47,1,.99,.99
15,1518,3,20210716,47,1,.99,.99
15,1527,3,20210716,47,1,.99,.99
15,1536,3,20210716,47,1,.99,.99
15,1545,3,20210716,47,1,.99,.99
15,1554,3,20210716,47,1,.99,.99
15,1563,3,20210716,47,1,.99,.99
15,1572,3,20210716,47,1,.99,.99
15,1581,3,20210716,47,1,.99,.99
15,1590,3,20210716,47,1,.99,.99
15,1599,3,20210716,47,1,.99,.99
15,1608,3,20210716,47,1,.99,.99
29,1622,3,20210724,48,1,.99,.99
30,1623,3,20210806,49,1,.99,.99
30,1624,3,20210806,49,1,.99,.99
32,1626,4,20210806,50,1,.99,.99
32,1628,4,20210806,50,1,.99,.99
34,1630,4,20210807,51,1,.99,.99
34,1632,4,20210807,51,1,.99,.99
34,1634,4,20210807,51,1,.99,.99
34,1636,4,20210807,51,1,.99,.99
38,1640,3,20210808,52,1,.99,.99
38,1644,3,20210808,52,1,.99,.99
38,1648,3,20210808,52,1,.99,.99
38,1652,3,20210808,52,1,.99,.99
38,1656,3,20210808,52,1,.99,.99
38,1660,3,20210808,52,1,.99,.99
44,1666,3,20210811,53,1,.99,.99
44,1672,3,20210811,53,1,.99,.99
44,1678,3,20210811,53,1,.99,.99
44,1684,3,20210811,53,1,.99,.99
44,1690,3,20210811,53,1,.99,.99
44,1696,3,20210811,53,1,.99,.99
44,1702,3,20210811,53,1,.99,.99
44,1708,3,20210811,53,1,.99,.99
44,1714,3,20210811,53,1,.99,.99
53,1723,3,20210816,54,1,.99,.99
53,1732,3,20210816,54,1,.99,.99
53,1741,3,20210816,54,1,.99,.99
53,1750,3,20210816,54,1,.99,.99
53,1759,3,20210816,54,1,.99,.99
53,1768,3,20210816,54,1,.99,.99
53,1777,3,20210816,54,1,.99,.99
53,1786,3,20210816,54,1,.99,.99
53,1795,3,20210816,54,1,.99,.99
53,1804,3,20210816,54,1,.99,.99
53,1813,3,20210816,54,1,.99,.99
53,1822,3,20210816,54,1,.99,.99
53,1831,3,20210816,54,1,.99,.99
53,1840,3,20210816,54,1,.99,.99
8,1854,4,20210824,55,1,.99,.99
9,1855,4,20210906,56,1,.99,.99
9,1856,4,20210906,56,1,.99,.99
11,1858,5,20210906,57,1,.99,.99
11,1860,5,20210906,57,1,.99,.99
13,1862,4,20210907,58,1,.99,.99
13,1864,4,20210907,58,1,.99,.99
13,1866,4,20210907,58,1,.99,.99
13,1868,4,20210907,58,1,.99,.99
17,1872,5,20210908,59,1,.99,.99
17,1876,5,20210908,59,1,.99,.99
17,1880,5,20210908,59,1,.99,.99
17,1884,5,20210908,59,1,.99,.99
17,1888,5,20210908,59,1,.99,.99
17,1892,5,20210908,59,1,.99,.99
23,1898,4,20210911,60,1,.99,.99
23,1904,4,20210911,60,1,.99,.99
23,1910,4,20210911,60,1,.99,.99
23,1916,4,20210911,60,1,.99,.99
23,1922,4,20210911,60,1,.99,.99
23,1928,4,20210911,60,1,.99,.99
23,1934,4,20210911,60,1,.99,.99
23,1940,4,20210911,60,1,.99,.99
23,1946,4,20210911,60,1,.99,.99
32,1955,4,20210916,61,1,.99,.99
32,1964,4,20210916,61,1,.99,.99
32,1973,4,20210916,61,1,.99,.99
32,1982,4,20210916,61,1,.99,.99
32,1991,4,20210916,61,1,.99,.99
32,2000,4,20210916,61,1,.99,.99
32,2009,4,20210916,61,1,.99,.99
32,2018,4,20210916,61,1,.99,.99
32,2027,4,20210916,61,1,.99,.99
32,2036,4,20210916,61,1,.99,.99
32,2045,4,20210916,61,1,.99,.99
32,2054,4,20210916,61,1,.99,.99
32,2063,4,20210916,61,1,.99,.99
32,2072,4,20210916,61,1,.99,.99
46,2086,3,20210924,62,1,.99,.99
47,2087,5,20211007,63,1,.99,.99
47,2088,5,20211007,63,1,.99,.99
49,2090,4,20211007,64,1,.99,.99
49,2092,4,20211007,64,1,.99,.99
51,2094,5,20211008,65,1,.99,.99
51,2096,5,20211008,65,1,.99,.99
51,2098,5,20211008,65,1,.99,.99
51,2100,5,20211008,65,1,.99,.99
55,2104,4,20211009,66,1,.99,.99
55,2108,4,20211009,66,1,.99,.99
55,2112,4,20211009,66,1,.99,.99
55,2116,4,20211009,66,1,.99,.99
55,2120,4,20211009,66,1,.99,.99
55,2124,4,20211009,66,1,.99,.99
2,2130,5,20211012,67,1,.99,.99
2,2136,5,20211012,67,1,.99,.99
2,2142,5,20211012,67,1,.99,.99
2,2148,5,20211012,67,1,.99,.99
2,2154,5,20211012,67,1,.99,.99
2,2160,5,20211012,67,1,.99,.99
2,2166,5,20211012,67,1,.99,.99
2,2172,5,20211012,67,1,.99,.99
2,2178,5,20211012,67,1,.99,.99
11,2187,5,20211017,68,1,.99,.99
11,2196,5,20211017,68,1,.99,.99
11,2205,5,20211017,68,1,.99,.99
11,2214,5,20211017,68,1,.99,.99
11,2223,5,20211017,68,1,.99,.99
11,2232,5,20211017,68,1,.99,.99
11,2241,5,20211017,68,1,.99,.99
11,2250,5,20211017,68,1,.99,.99
11,2259,5,20211017,68,1,.99,.99
11,2268,5,20211017,68,1,.99,.99
11,2277,5,20211017,68,1,.99,.99
11,2286,5,20211017,68,1,.99,.99
11,2295,5,20211017,68,1,.99,.99
11,2304,5,20211017,68,1,.99,.99
25,2318,5,20211025,69,1,.99,.99
26,2319,4,20211107,70,1,.99,.99
26,2320,4,20211107,70,1,.99,.99
28,2322,5,20211107,71,1,.99,.99
28,2324,5,20211107,71,1,.99,.99
30,2326,3,20211108,72,1,.99,.99
30,2328,3,20211108,72,1,.99,.99
30,2330,3,20211108,72,1,.99,.99
30,2332,3,20211108,72,1,.99,.99
34,2336,4,20211109,73,1,.99,.99
34,2340,4,20211109,73,1,.99,.99
34,2344,4,20211109,73,1,.99,.99
34,2348,4,20211109,73,1,.99,.99
34,2352,4,20211109,73,1,.99,.99
34,2356,4,20211109,73,1,.99,.99
40,2362,4,20211112,74,1,.99,.99
40,2368,4,20211112,74,1,.99,.99
40,2374,4,20211112,74,1,.99,.99
40,2380,4,20211112,74,1,.99,.99
40,2386,4,20211112,74,1,.99,.99
40,2392,4,20211112,74,1,.99,.99
40,2398,4,20211112,74,1,.99,.99
40,2404,4,20211112,74,1,.99,.99
40,2410,4,20211112,74,1,.99,.99
49,2419,4,20211117,75,1,.99,.99
49,2428,4,20211117,75,1,.99,.99
49,2437,4,20211117,75,1,.99,.99
49,2446,4,20211117,75,1,.99,.99
49,2455,4,20211117,75,1,.99,.99
49,2464,4,20211117,75,1,.99,.99
49,2473,4,20211117,75,1,.99,.99
49,2482,4,20211117,75,1,.99,.99
49,2491,4,20211117,75,1,.99,.99
49,2500,4,20211117,75,1,.99,.99
49,2509,4,20211117,75,1,.99,.99
49,2518,4,20211117,75,1,.99,.99
49,2527,4,20211117,75,1,.99,.99
49,2536,4,20211117,75,1,.99,.99
4,2550,4,20211125,76,1,.99,.99
5,2551,4,20211208,77,1,.99,.99
5,2552,4,20211208,77,1,.99,.99
7,2554,5,20211208,78,1,.99,.99
7,2556,5,20211208,78,1,.99,.99
9,2558,4,20211209,79,1,.99,.99
9,2560,4,20211209,79,1,.99,.99
9,2562,4,20211209,79,1,.99,.99
9,2564,4,20211209,79,1,.99,.99
13,2568,4,20211210,80,1,.99,.99
13,2572,4,20211210,80,1,.99,.99
13,2576,4,20211210,80,1,.99,.99
13,2580,4,20211210,80,1,.99,.99
13,2584,4,20211210,80,1,.99,.99
13,2588,4,20211210,80,1,.99,.99
19,2594,3,20211213,81,1,.99,.99
19,2600,3,20211213,81,1,.99,.99
19,2606,3,20211213,81,1,.99,.99
19,2612,3,20211213,81,1,.99,.99
19,2618,3,20211213,81,1,.99,.99
19,2624,3,20211213,81,1,.99,.99
19,2630,3,20211213,81,1,.99,.99
19,2636,3,20211213,81,1,.99,.99
19,2642,3,20211213,81,1,.99,.99
28,2651,5,20211218,82,1,.99,.99
28,2660,5,20211218,82,1,.99,.99
28,2669,5,20211218,82,1,.99,.99
28,2678,5,20211218,82,1,.99,.99
28,2687,5,20211218,82,1,.99,.99
28,2696,5,20211218,82,1,.99,.99
28,2705,5,20211218,82,1,.99,.99
28,2714,5,20211218,82,1,.99,.99
28,2723,5,20211218,82,1,.99,.99
28,2732,5,20211218,82,1,.99,.99
28,2741,5,20211218,82,1,.99,.99
28,2750,5,20211218,82,1,.99,.99
28,2759,5,20211218,82,1,.99,.99
28,2768,5,20211218,82,1,.99,.99
42,2782,3,20211226,83,1,.99,.99
43,2783,3,20220108,84,1,.99,.99
43,2784,3,20220108,84,1,.99,.99
45,2786,3,20220108,85,1,.99,.99
45,2788,3,20220108,85,1,.99,.99
47,2790,5,20220109,86,1,.99,.99
47,2792,5,20220109,86,1,.99,.99
47,2794,5,20220109,86,1,.99,.99
47,2796,5,20220109,86,1,.99,.99
51,2800,5,20220110,87,1,.99,.99
51,2804,5,20220110,87,1,.99,.99
51,2808,5,20220110,87,1,.99,.99
51,2812,5,20220110,87,1,.99,.99
51,2816,5,20220110,87,1,.99,.99
51,2820,5,20220110,87,1,1.99,1.99
57,2826,5,20220113,88,1,1.99,1.99
57,2832,5,20220113,88,1,1.99,1.99
57,2838,5,20220113,88,1,1.99,1.99
57,2844,5,20220113,88,1,1.99,1.99
57,2850,5,20220113,88,1,1.99,1.99
57,2856,5,20220113,88,1,1.99,1.99
57,2862,5,20220113,88,1,1.99,1.99
57,2868,5,20220113,88,1,1.99,1.99
57,2874,5,20220113,88,1,1.99,1.99
7,2883,5,20220118,89,1,1.99,1.99
7,2892,5,20220118,89,1,1.99,1.99
7,2901,5,20220118,89,1,1.99,1.99
7,2910,5,20220118,89,1,1.99,1.99
7,2919,5,20220118,89,1,1.99,1.99
7,2928,5,20220118,89,1,.99,.99
7,2937,5,20220118,89,1,.99,.99
7,2946,5,20220118,89,1,.99,.99
7,2955,5,20220118,89,1,.99,.99
7,2964,5,20220118,89,1,.99,.99
7,2973,5,20220118,89,1,.99,.99
7,2982,5,20220118,89,1,.99,.99
7,2991,5,20220118,89,1,.99,.99
7,3000,5,20220118,89,1,.99,.99
21,3014,5,20220126,90,1,.99,.99
22,3015,4,20220208,91,1,.99,.99
22,3016,4,20220208,91,1,.99,.99
24,3018,3,20220208,92,1,.99,.99
24,3020,3,20220208,92,1,.99,.99
26,3022,4,20220209,93,1,.99,.99
26,3024,4,20220209,93,1,.99,.99
26,3026,4,20220209,93,1,.99,.99
26,3028,4,20220209,93,1,.99,.99
30,3032,3,20220210,94,1,.99,.99
30,3036,3,20220210,94,1,.99,.99
30,3040,3,20220210,94,1,.99,.99
30,3044,3,20220210,94,1,.99,.99
30,3048,3,20220210,94,1,.99,.99
30,3052,3,20220210,94,1,.99,.99
36,3058,5,20220213,95,1,.99,.99
36,3064,5,20220213,95,1,.99,.99
36,3070,5,20220213,95,1,.99,.99
36,3076,5,20220213,95,1,.99,.99
36,3082,5,20220213,95,1,.99,.99
36,3088,5,20220213,95,1,.99,.99
36,3094,5,20220213,95,1,.99,.99
36,3100,5,20220213,95,1,.99,.99
36,3106,5,20220213,95,1,.99,.99
45,3115,3,20220218,96,1,.99,.99
45,3124,3,20220218,96,1,.99,.99
45,3133,3,20220218,96,1,.99,.99
45,3142,3,20220218,96,1,.99,.99
45,3151,3,20220218,96,1,.99,.99
45,3160,3,20220218,96,1,.99,.99
45,3169,3,20220218,96,1,1.99,1.99
45,3178,3,20220218,96,1,1.99,1.99
45,3187,3,20220218,96,1,1.99,1.99
45,3196,3,20220218,96,1,1.99,1.99
45,3205,3,20220218,96,1,1.99,1.99
45,3214,3,20220218,96,1,1.99,1.99
45,3223,3,20220218,96,1,1.99,1.99
45,3232,3,20220218,96,1,1.99,1.99
59,3246,3,20220226,97,1,1.99,1.99
1,3247,3,20220311,98,1,1.99,1.99
1,3248,3,20220311,98,1,1.99,1.99
3,3250,3,20220311,99,1,1.99,1.99
3,3252,3,20220311,99,1,1.99,1.99
5,3254,4,20220312,100,1,.99,.99
5,3256,4,20220312,100,1,.99,.99
5,3258,4,20220312,100,1,.99,.99
5,3260,4,20220312,100,1,.99,.99
9,3264,4,20220313,101,1,.99,.99
9,3268,4,20220313,101,1,.99,.99
9,3272,4,20220313,101,1,.99,.99
9,3276,4,20220313,101,1,.99,.99
9,3280,4,20220313,101,1,.99,.99
9,3284,4,20220313,101,1,.99,.99
15,3290,3,20220316,102,1,.99,.99
15,3296,3,20220316,102,1,.99,.99
15,3302,3,20220316,102,1,.99,.99
15,3308,3,20220316,102,1,.99,.99
15,3314,3,20220316,102,1,.99,.99
15,3320,3,20220316,102,1,.99,.99
15,3326,3,20220316,102,1,.99,.99
15,3332,3,20220316,102,1,.99,.99
15,3338,3,20220316,102,1,1.99,1.99
24,3347,3,20220321,103,1,1.99,1.99
24,3356,3,20220321,103,1,.99,.99
24,3365,3,20220321,103,1,.99,.99
24,3374,3,20220321,103,1,.99,.99
24,3383,3,20220321,103,1,.99,.99
24,3392,3,20220321,103,1,.99,.99
24,3401,3,20220321,103,1,.99,.99
24,3410,3,20220321,103,1,.99,.99
24,3419,3,20220321,103,1,.99,.99
24,3428,3,20220321,103,1,1.99,1.99
24,3437,3,20220321,103,1,.99,.99
24,3446,3,20220321,103,1,.99,.99
24,3455,3,20220321,103,1,.99,.99
24,3464,3,20220321,103,1,.99,.99
38,3478,3,20220329,104,1,.99,.99
39,3479,4,20220411,105,1,.99,.99
39,3480,4,20220411,105,1,.99,.99
41,3482,5,20220411,106,1,.99,.99
41,3484,5,20220411,106,1,.99,.99
43,3486,3,20220412,107,1,.99,.99
43,3488,3,20220412,107,1,.99,.99
43,3490,3,20220412,107,1,.99,.99
43,3492,3,20220412,107,1,.99,.99
47,1,5,20220413,108,1,.99,.99
47,5,5,20220413,108,1,.99,.99
47,9,5,20220413,108,1,.99,.99
47,13,5,20220413,108,1,.99,.99
47,3496,5,20220413,108,1,.99,.99
47,3500,5,20220413,108,1,.99,.99
53,19,3,20220416,109,1,.99,.99
53,25,3,20220416,109,1,.99,.99
53,31,3,20220416,109,1,.99,.99
53,37,3,20220416,109,1,.99,.99
53,43,3,20220416,109,1,.99,.99
53,49,3,20220416,109,1,.99,.99
53,55,3,20220416,109,1,.99,.99
53,61,3,20220416,109,1,.99,.99
53,67,3,20220416,109,1,.99,.99
3,76,3,20220421,110,1,.99,.99
3,85,3,20220421,110,1,.99,.99
3,94,3,20220421,110,1,.99,.99
3,103,3,20220421,110,1,.99,.99
3,112,3,20220421,110,1,.99,.99
3,121,3,20220421,110,1,.99,.99
3,130,3,20220421,110,1,.99,.99
3,139,3,20220421,110,1,.99,.99
3,148,3,20220421,110,1,.99,.99
3,157,3,20220421,110,1,.99,.99
3,166,3,20220421,110,1,.99,.99
3,175,3,20220421,110,1,.99,.99
3,184,3,20220421,110,1,.99,.99
3,193,3,20220421,110,1,.99,.99
17,207,5,20220429,111,1,.99,.99
18,208,3,20220512,112,1,.99,.99
18,209,3,20220512,112,1,.99,.99
20,211,4,20220512,113,1,.99,.99
20,213,4,20220512,113,1,.99,.99
22,215,4,20220513,114,1,.99,.99
22,217,4,20220513,114,1,.99,.99
22,219,4,20220513,114,1,.99,.99
22,221,4,20220513,114,1,.99,.99
26,225,4,20220514,115,1,.99,.99
26,229,4,20220514,115,1,.99,.99
26,233,4,20220514,115,1,.99,.99
26,237,4,20220514,115,1,.99,.99
26,241,4,20220514,115,1,.99,.99
26,245,4,20220514,115,1,.99,.99
32,251,4,20220517,116,1,.99,.99
32,257,4,20220517,116,1,.99,.99
32,263,4,20220517,116,1,.99,.99
32,269,4,20220517,116,1,.99,.99
32,275,4,20220517,116,1,.99,.99
32,281,4,20220517,116,1,.99,.99
32,287,4,20220517,116,1,.99,.99
32,293,4,20220517,116,1,.99,.99
32,299,4,20220517,116,1,.99,.99
41,308,5,20220522,117,1,.99,.99
41,317,5,20220522,117,1,.99,.99
41,326,5,20220522,117,1,.99,.99
41,335,5,20220522,117,1,.99,.99
41,344,5,20220522,117,1,.99,.99
41,353,5,20220522,117,1,.99,.99
41,362,5,20220522,117,1,.99,.99
41,371,5,20220522,117,1,.99,.99
41,380,5,20220522,117,1,.99,.99
41,389,5,20220522,117,1,.99,.99
41,398,5,20220522,117,1,.99,.99
41,407,5,20220522,117,1,.99,.99
41,416,5,20220522,117,1,.99,.99
41,425,5,20220522,117,1,.99,.99
55,439,4,20220530,118,1,.99,.99
56,440,4,20220612,119,1,.99,.99
56,441,4,20220612,119,1,.99,.99
58,443,3,20220612,120,1,.99,.99
58,445,3,20220612,120,1,.99,.99
1,447,3,20220613,121,1,.99,.99
1,449,3,20220613,121,1,.99,.99
1,451,3,20220613,121,1,.99,.99
1,453,3,20220613,121,1,.99,.99
5,457,4,20220614,122,1,.99,.99
5,461,4,20220614,122,1,.99,.99
5,465,4,20220614,122,1,.99,.99
5,469,4,20220614,122,1,.99,.99
5,473,4,20220614,122,1,.99,.99
5,477,4,20220614,122,1,.99,.99
11,483,5,20220617,123,1,.99,.99
11,489,5,20220617,123,1,.99,.99
11,495,5,20220617,123,1,.99,.99
11,501,5,20220617,123,1,.99,.99
11,507,5,20220617,123,1,.99,.99
11,513,5,20220617,123,1,.99,.99
11,519,5,20220617,123,1,.99,.99
11,525,5,20220617,123,1,.99,.99
11,531,5,20220617,123,1,.99,.99
20,540,4,20220622,124,1,.99,.99
20,549,4,20220622,124,1,.99,.99
20,558,4,20220622,124,1,.99,.99
20,567,4,20220622,124,1,.99,.99
20,576,4,20220622,124,1,.99,.99
20,585,4,20220622,124,1,.99,.99
20,594,4,20220622,124,1,.99,.99
20,603,4,20220622,124,1,.99,.99
20,612,4,20220622,124,1,.99,.99
20,621,4,20220622,124,1,.99,.99
20,630,4,20220622,124,1,.99,.99
20,639,4,20220622,124,1,.99,.99
20,648,4,20220622,124,1,.99,.99
20,657,4,20220622,124,1,.99,.99
34,671,4,20220630,125,1,.99,.99
35,672,4,20220713,126,1,.99,.99
35,673,4,20220713,126,1,.99,.99
37,675,3,20220713,127,1,.99,.99
37,677,3,20220713,127,1,.99,.99
39,679,4,20220714,128,1,.99,.99
39,681,4,20220714,128,1,.99,.99
39,683,4,20220714,128,1,.99,.99
39,685,4,20220714,128,1,.99,.99
43,689,3,20220715,129,1,.99,.99
43,693,3,20220715,129,1,.99,.99
43,697,3,20220715,129,1,.99,.99
43,701,3,20220715,129,1,.99,.99
43,705,3,20220715,129,1,.99,.99
43,709,3,20220715,129,1,.99,.99
49,715,4,20220718,130,1,.99,.99
49,721,4,20220718,130,1,.99,.99
49,727,4,20220718,130,1,.99,.99
49,733,4,20220718,130,1,.99,.99
49,739,4,20220718,130,1,.99,.99
49,745,4,20220718,130,1,.99,.99
49,751,4,20220718,130,1,.99,.99
49,757,4,20220718,130,1,.99,.99
49,763,4,20220718,130,1,.99,.99
58,772,3,20220723,131,1,.99,.99
58,781,3,20220723,131,1,.99,.99
58,790,3,20220723,131,1,.99,.99
58,799,3,20220723,131,1,.99,.99
58,808,3,20220723,131,1,.99,.99
58,817,3,20220723,131,1,.99,.99
58,826,3,20220723,131,1,.99,.99
58,835,3,20220723,131,1,.99,.99
58,844,3,20220723,131,1,.99,.99
58,853,3,20220723,131,1,.99,.99
58,862,3,20220723,131,1,.99,.99
58,871,3,20220723,131,1,.99,.99
58,880,3,20220723,131,1,.99,.99
58,889,3,20220723,131,1,.99,.99
13,903,4,20220731,132,1,.99,.99
14,904,5,20220813,133,1,.99,.99
14,905,5,20220813,133,1,.99,.99
16,907,4,20220813,134,1,.99,.99
16,909,4,20220813,134,1,.99,.99
18,911,3,20220814,135,1,.99,.99
18,913,3,20220814,135,1,.99,.99
18,915,3,20220814,135,1,.99,.99
18,917,3,20220814,135,1,.99,.99
22,921,4,20220815,136,1,.99,.99
22,925,4,20220815,136,1,.99,.99
22,929,4,20220815,136,1,.99,.99
22,933,4,20220815,136,1,.99,.99
22,937,4,20220815,136,1,.99,.99
22,941,4,20220815,136,1,.99,.99
28,947,5,20220818,137,1,.99,.99
28,953,5,20220818,137,1,.99,.99
28,959,5,20220818,137,1,.99,.99
28,965,5,20220818,137,1,.99,.99
28,971,5,20220818,137,1,.99,.99
28,977,5,20220818,137,1,.99,.99
28,983,5,20220818,137,1,.99,.99
28,989,5,20220818,137,1,.99,.99
28,995,5,20220818,137,1,.99,.99
37,1004,3,20220823,138,1,.99,.99
37,1013,3,20220823,138,1,.99,.99
37,1022,3,20220823,138,1,.99,.99
37,1031,3,20220823,138,1,.99,.99
37,1040,3,20220823,138,1,.99,.99
37,1049,3,20220823,138,1,.99,.99
37,1058,3,20220823,138,1,.99,.99
37,1067,3,20220823,138,1,.99,.99
37,1076,3,20220823,138,1,.99,.99
37,1085,3,20220823,138,1,.99,.99
37,1094,3,20220823,138,1,.99,.99
37,1103,3,20220823,138,1,.99,.99
37,1112,3,20220823,138,1,.99,.99
37,1121,3,20220823,138,1,.99,.99
51,1135,5,20220831,139,1,.99,.99
52,1136,3,20220913,140,1,.99,.99
52,1137,3,20220913,140,1,.99,.99
54,1139,5,20220913,141,1,.99,.99
54,1141,5,20220913,141,1,.99,.99
56,1143,4,20220914,142,1,.99,.99
56,1145,4,20220914,142,1,.99,.99
56,1147,4,20220914,142,1,.99,.99
56,1149,4,20220914,142,1,.99,.99
1,1153,3,20220915,143,1,.99,.99
1,1157,3,20220915,143,1,.99,.99
1,1161,3,20220915,143,1,.99,.99
1,1165,3,20220915,143,1,.99,.99
1,1169,3,20220915,143,1,.99,.99
1,1173,3,20220915,143,1,.99,.99
7,1179,5,20220918,144,1,.99,.99
7,1185,5,20220918,144,1,.99,.99
7,1191,5,20220918,144,1,.99,.99
7,1197,5,20220918,144,1,.99,.99
7,1203,5,20220918,144,1,.99,.99
7,1209,5,20220918,144,1,.99,.99
7,1215,5,20220918,144,1,.99,.99
7,1221,5,20220918,144,1,.99,.99
7,1227,5,20220918,144,1,.99,.99
16,1236,4,20220923,145,1,.99,.99
16,1245,4,20220923,145,1,.99,.99
16,1254,4,20220923,145,1,.99,.99
16,1263,4,20220923,145,1,.99,.99
16,1272,4,20220923,145,1,.99,.99
16,1281,4,20220923,145,1,.99,.99
16,1290,4,20220923,145,1,.99,.99
16,1299,4,20220923,145,1,.99,.99
16,1308,4,20220923,145,1,.99,.99
16,1317,4,20220923,145,1,.99,.99
16,1326,4,20220923,145,1,.99,.99
16,1335,4,20220923,145,1,.99,.99
16,1344,4,20220923,145,1,.99,.99
16,1353,4,20220923,145,1,.99,.99
30,1367,3,20221001,146,1,.99,.99
31,1368,5,20221014,147,1,.99,.99
31,1369,5,20221014,147,1,.99,.99
33,1371,3,20221014,148,1,.99,.99
33,1373,3,20221014,148,1,.99,.99
35,1375,4,20221015,149,1,.99,.99
35,1377,4,20221015,149,1,.99,.99
35,1379,4,20221015,149,1,.99,.99
35,1381,4,20221015,149,1,.99,.99
39,1385,4,20221016,150,1,.99,.99
39,1389,4,20221016,150,1,.99,.99
39,1393,4,20221016,150,1,.99,.99
39,1397,4,20221016,150,1,.99,.99
39,1401,4,20221016,150,1,.99,.99
39,1405,4,20221016,150,1,.99,.99
45,1411,3,20221019,151,1,.99,.99
45,1417,3,20221019,151,1,.99,.99
45,1423,3,20221019,151,1,.99,.99
45,1429,3,20221019,151,1,.99,.99
45,1435,3,20221019,151,1,.99,.99
45,1441,3,20221019,151,1,.99,.99
45,1447,3,20221019,151,1,.99,.99
45,1453,3,20221019,151,1,.99,.99
45,1459,3,20221019,151,1,.99,.99
54,1468,5,20221024,152,1,.99,.99
54,1477,5,20221024,152,1,.99,.99
54,1486,5,20221024,152,1,.99,.99
54,1495,5,20221024,152,1,.99,.99
54,1504,5,20221024,152,1,.99,.99
54,1513,5,20221024,152,1,.99,.99
54,1522,5,20221024,152,1,.99,.99
54,1531,5,20221024,152,1,.99,.99
54,1540,5,20221024,152,1,.99,.99
54,1549,5,20221024,152,1,.99,.99
54,1558,5,20221024,152,1,.99,.99
54,1567,5,20221024,152,1,.99,.99
54,1576,5,20221024,152,1,.99,.99
54,1585,5,20221024,152,1,.99,.99
9,1599,4,20221101,153,1,.99,.99
10,1600,4,20221114,154,1,.99,.99
10,1601,4,20221114,154,1,.99,.99
12,1603,3,20221114,155,1,.99,.99
12,1605,3,20221114,155,1,.99,.99
14,1607,5,20221115,156,1,.99,.99
14,1609,5,20221115,156,1,.99,.99
14,1611,5,20221115,156,1,.99,.99
14,1613,5,20221115,156,1,.99,.99
18,1617,3,20221116,157,1,.99,.99
18,1621,3,20221116,157,1,.99,.99
18,1625,3,20221116,157,1,.99,.99
18,1629,3,20221116,157,1,.99,.99
18,1633,3,20221116,157,1,.99,.99
18,1637,3,20221116,157,1,.99,.99
24,1643,3,20221119,158,1,.99,.99
24,1649,3,20221119,158,1,.99,.99
24,1655,3,20221119,158,1,.99,.99
24,1661,3,20221119,158,1,.99,.99
24,1667,3,20221119,158,1,.99,.99
24,1673,3,20221119,158,1,.99,.99
24,1679,3,20221119,158,1,.99,.99
24,1685,3,20221119,158,1,.99,.99
24,1691,3,20221119,158,1,.99,.99
33,1700,3,20221124,159,1,.99,.99
33,1709,3,20221124,159,1,.99,.99
33,1718,3,20221124,159,1,.99,.99
33,1727,3,20221124,159,1,.99,.99
33,1736,3,20221124,159,1,.99,.99
33,1745,3,20221124,159,1,.99,.99
33,1754,3,20221124,159,1,.99,.99
33,1763,3,20221124,159,1,.99,.99
33,1772,3,20221124,159,1,.99,.99
33,1781,3,20221124,159,1,.99,.99
33,1790,3,20221124,159,1,.99,.99
33,1799,3,20221124,159,1,.99,.99
33,1808,3,20221124,159,1,.99,.99
33,1817,3,20221124,159,1,.99,.99
47,1831,5,20221202,160,1,.99,.99
48,1832,5,20221215,161,1,.99,.99
48,1833,5,20221215,161,1,.99,.99
50,1835,5,20221215,162,1,.99,.99
50,1837,5,20221215,162,1,.99,.99
52,1839,3,20221216,163,1,.99,.99
52,1841,3,20221216,163,1,.99,.99
52,1843,3,20221216,163,1,.99,.99
52,1845,3,20221216,163,1,.99,.99
56,1849,4,20221217,164,1,.99,.99
56,1853,4,20221217,164,1,.99,.99
56,1857,4,20221217,164,1,.99,.99
56,1861,4,20221217,164,1,.99,.99
56,1865,4,20221217,164,1,.99,.99
56,1869,4,20221217,164,1,.99,.99
3,1875,3,20221220,165,1,.99,.99
3,1881,3,20221220,165,1,.99,.99
3,1887,3,20221220,165,1,.99,.99
3,1893,3,20221220,165,1,.99,.99
3,1899,3,20221220,165,1,.99,.99
3,1905,3,20221220,165,1,.99,.99
3,1911,3,20221220,165,1,.99,.99
3,1917,3,20221220,165,1,.99,.99
3,1923,3,20221220,165,1,.99,.99
12,1932,3,20221225,166,1,.99,.99
12,1941,3,20221225,166,1,.99,.99
12,1950,3,20221225,166,1,.99,.99
12,1959,3,20221225,166,1,.99,.99
12,1968,3,20221225,166,1,.99,.99
12,1977,3,20221225,166,1,.99,.99
12,1986,3,20221225,166,1,.99,.99
12,1995,3,20221225,166,1,.99,.99
12,2004,3,20221225,166,1,.99,.99
12,2013,3,20221225,166,1,.99,.99
12,2022,3,20221225,166,1,.99,.99
12,2031,3,20221225,166,1,.99,.99
12,2040,3,20221225,166,1,.99,.99
12,2049,3,20221225,166,1,.99,.99
26,2063,4,20230102,167,1,.99,.99
27,2064,4,20230115,168,1,.99,.99
27,2065,4,20230115,168,1,.99,.99
29,2067,3,20230115,169,1,.99,.99
29,2069,3,20230115,169,1,.99,.99
31,2071,5,20230116,170,1,.99,.99
31,2073,5,20230116,170,1,.99,.99
31,2075,5,20230116,170,1,.99,.99
31,2077,5,20230116,170,1,.99,.99
35,2081,4,20230117,171,1,.99,.99
35,2085,4,20230117,171,1,.99,.99
35,2089,4,20230117,171,1,.99,.99
35,2093,4,20230117,171,1,.99,.99
35,2097,4,20230117,171,1,.99,.99
35,2101,4,20230117,171,1,.99,.99
41,2107,5,20230120,172,1,.99,.99
41,2113,5,20230120,172,1,.99,.99
41,2119,5,20230120,172,1,.99,.99
41,2125,5,20230120,172,1,.99,.99
41,2131,5,20230120,172,1,.99,.99
41,2137,5,20230120,172,1,.99,.99
41,2143,5,20230120,172,1,.99,.99
41,2149,5,20230120,172,1,.99,.99
41,2155,5,20230120,172,1,.99,.99
50,2164,5,20230125,173,1,.99,.99
50,2173,5,20230125,173,1,.99,.99
50,2182,5,20230125,173,1,.99,.99
50,2191,5,20230125,173,1,.99,.99
50,2200,5,20230125,173,1,.99,.99
50,2209,5,20230125,173,1,.99,.99
50,2218,5,20230125,173,1,.99,.99
50,2227,5,20230125,173,1,.99,.99
50,2236,5,20230125,173,1,.99,.99
50,2245,5,20230125,173,1,.99,.99
50,2254,5,20230125,173,1,.99,.99
50,2263,5,20230125,173,1,.99,.99
50,2272,5,20230125,173,1,.99,.99
50,2281,5,20230125,173,1,.99,.99
5,2295,4,20230202,174,1,.99,.99
6,2296,5,20230215,175,1,.99,.99
6,2297,5,20230215,175,1,.99,.99
8,2299,4,20230215,176,1,.99,.99
8,2301,4,20230215,176,1,.99,.99
10,2303,4,20230216,177,1,.99,.99
10,2305,4,20230216,177,1,.99,.99
10,2307,4,20230216,177,1,.99,.99
10,2309,4,20230216,177,1,.99,.99
14,2313,5,20230217,178,1,.99,.99
14,2317,5,20230217,178,1,.99,.99
14,2321,5,20230217,178,1,.99,.99
14,2325,5,20230217,178,1,.99,.99
14,2329,5,20230217,178,1,.99,.99
14,2333,5,20230217,178,1,.99,.99
20,2339,4,20230220,179,1,.99,.99
20,2345,4,20230220,179,1,.99,.99
20,2351,4,20230220,179,1,.99,.99
20,2357,4,20230220,179,1,.99,.99
20,2363,4,20230220,179,1,.99,.99
20,2369,4,20230220,179,1,.99,.99
20,2375,4,20230220,179,1,.99,.99
20,2381,4,20230220,179,1,.99,.99
20,2387,4,20230220,179,1,.99,.99
29,2396,3,20230225,180,1,.99,.99
29,2405,3,20230225,180,1,.99,.99
29,2414,3,20230225,180,1,.99,.99
29,2423,3,20230225,180,1,.99,.99
29,2432,3,20230225,180,1,.99,.99
29,2441,3,20230225,180,1,.99,.99
29,2450,3,20230225,180,1,.99,.99
29,2459,3,20230225,180,1,.99,.99
29,2468,3,20230225,180,1,.99,.99
29,2477,3,20230225,180,1,.99,.99
29,2486,3,20230225,180,1,.99,.99
29,2495,3,20230225,180,1,.99,.99
29,2504,3,20230225,180,1,.99,.99
29,2513,3,20230225,180,1,.99,.99
43,2527,3,20230305,181,1,.99,.99
44,2528,3,20230318,182,1,.99,.99
44,2529,3,20230318,182,1,.99,.99
46,2531,3,20230318,183,1,.99,.99
46,2533,3,20230318,183,1,.99,.99
48,2535,5,20230319,184,1,.99,.99
48,2537,5,20230319,184,1,.99,.99
48,2539,5,20230319,184,1,.99,.99
48,2541,5,20230319,184,1,.99,.99
52,2545,3,20230320,185,1,.99,.99
52,2549,3,20230320,185,1,.99,.99
52,2553,3,20230320,185,1,.99,.99
52,2557,3,20230320,185,1,.99,.99
52,2561,3,20230320,185,1,.99,.99
52,2565,3,20230320,185,1,.99,.99
58,2571,3,20230323,186,1,.99,.99
58,2577,3,20230323,186,1,.99,.99
58,2583,3,20230323,186,1,.99,.99
58,2589,3,20230323,186,1,.99,.99
58,2595,3,20230323,186,1,.99,.99
58,2601,3,20230323,186,1,.99,.99
58,2607,3,20230323,186,1,.99,.99
58,2613,3,20230323,186,1,.99,.99
58,2619,3,20230323,186,1,.99,.99
8,2628,4,20230328,187,1,.99,.99
8,2637,4,20230328,187,1,.99,.99
8,2646,4,20230328,187,1,.99,.99
8,2655,4,20230328,187,1,.99,.99
8,2664,4,20230328,187,1,.99,.99
8,2673,4,20230328,187,1,.99,.99
8,2682,4,20230328,187,1,.99,.99
8,2691,4,20230328,187,1,.99,.99
8,2700,4,20230328,187,1,.99,.99
8,2709,4,20230328,187,1,.99,.99
8,2718,4,20230328,187,1,.99,.99
8,2727,4,20230328,187,1,.99,.99
8,2736,4,20230328,187,1,.99,.99
8,2745,4,20230328,187,1,.99,.99
22,2759,4,20230405,188,1,.99,.99
23,2760,4,20230418,189,1,.99,.99
23,2761,4,20230418,189,1,.99,.99
25,2763,5,20230418,190,1,.99,.99
25,2765,5,20230418,190,1,.99,.99
27,2767,4,20230419,191,1,.99,.99
27,2769,4,20230419,191,1,.99,.99
27,2771,4,20230419,191,1,.99,.99
27,2773,4,20230419,191,1,.99,.99
31,2777,5,20230420,192,1,.99,.99
31,2781,5,20230420,192,1,.99,.99
31,2785,5,20230420,192,1,.99,.99
31,2789,5,20230420,192,1,.99,.99
31,2793,5,20230420,192,1,.99,.99
31,2797,5,20230420,192,1,.99,.99
37,2803,3,20230423,193,1,.99,.99
37,2809,3,20230423,193,1,.99,.99
37,2815,3,20230423,193,1,.99,.99
37,2821,3,20230423,193,1,1.99,1.99
37,2827,3,20230423,193,1,1.99,1.99
37,2833,3,20230423,193,1,1.99,1.99
37,2839,3,20230423,193,1,1.99,1.99
37,2845,3,20230423,193,1,1.99,1.99
37,2851,3,20230423,193,1,1.99,1.99
46,2860,3,20230428,194,1,1.99,1.99
46,2869,3,20230428,194,1,1.99,1.99
46,2878,3,20230428,194,1,1.99,1.99
46,2887,3,20230428,194,1,1.99,1.99
46,2896,3,20230428,194,1,1.99,1.99
46,2905,3,20230428,194,1,1.99,1.99
46,2914,3,20230428,194,1,1.99,1.99
46,2923,3,20230428,194,1,1.99,1.99
46,2932,3,20230428,194,1,.99,.99
46,2941,3,20230428,194,1,.99,.99
46,2950,3,20230428,194,1,.99,.99
46,2959,3,20230428,194,1,.99,.99
46,2968,3,20230428,194,1,.99,.99
46,2977,3,20230428,194,1,.99,.99
1,2991,3,20230506,195,1,.99,.99
2,2992,5,20230519,196,1,.99,.99
2,2993,5,20230519,196,1,.99,.99
4,2995,4,20230519,197,1,.99,.99
4,2997,4,20230519,197,1,.99,.99
6,2999,5,20230520,198,1,.99,.99
6,3001,5,20230520,198,1,.99,.99
6,3003,5,20230520,198,1,.99,.99
6,3005,5,20230520,198,1,.99,.99
10,3009,4,20230521,199,1,.99,.99
10,3013,4,20230521,199,1,.99,.99
10,3017,4,20230521,199,1,.99,.99
10,3021,4,20230521,199,1,.99,.99
10,3025,4,20230521,199,1,.99,.99
10,3029,4,20230521,199,1,.99,.99
16,3035,4,20230524,200,1,.99,.99
16,3041,4,20230524,200,1,.99,.99
16,3047,4,20230524,200,1,.99,.99
16,3053,4,20230524,200,1,.99,.99
16,3059,4,20230524,200,1,.99,.99
16,3065,4,20230524,200,1,.99,.99
16,3071,4,20230524,200,1,.99,.99
16,3077,4,20230524,200,1,.99,.99
16,3083,4,20230524,200,1,.99,.99
25,3092,5,20230529,201,1,.99,.99
25,3101,5,20230529,201,1,.99,.99
25,3110,5,20230529,201,1,.99,.99
25,3119,5,20230529,201,1,.99,.99
25,3128,5,20230529,201,1,.99,.99
25,3137,5,20230529,201,1,.99,.99
25,3146,5,20230529,201,1,.99,.99
25,3155,5,20230529,201,1,.99,.99
25,3164,5,20230529,201,1,.99,.99
25,3173,5,20230529,201,1,1.99,1.99
25,3182,5,20230529,201,1,1.99,1.99
25,3191,5,20230529,201,1,1.99,1.99
25,3200,5,20230529,201,1,1.99,1.99
25,3209,5,20230529,201,1,1.99,1.99
39,3223,4,20230606,202,1,1.99,1.99
40,3224,4,20230619,203,1,1.99,1.99
40,3225,4,20230619,203,1,.99,.99
42,3227,3,20230619,204,1,1.99,1.99
42,3229,3,20230619,204,1,1.99,1.99
44,3231,3,20230620,205,1,1.99,1.99
44,3233,3,20230620,205,1,1.99,1.99
44,3235,3,20230620,205,1,1.99,1.99
44,3237,3,20230620,205,1,1.99,1.99
48,3241,5,20230621,206,1,1.99,1.99
48,3245,5,20230621,206,1,1.99,1.99
48,3249,5,20230621,206,1,1.99,1.99
48,3253,5,20230621,206,1,.99,.99
48,3257,5,20230621,206,1,.99,.99
48,3261,5,20230621,206,1,.99,.99
54,3267,5,20230624,207,1,.99,.99
54,3273,5,20230624,207,1,.99,.99
54,3279,5,20230624,207,1,.99,.99
54,3285,5,20230624,207,1,.99,.99
54,3291,5,20230624,207,1,.99,.99
54,3297,5,20230624,207,1,.99,.99
54,3303,5,20230624,207,1,.99,.99
54,3309,5,20230624,207,1,.99,.99
54,3315,5,20230624,207,1,.99,.99
4,3324,4,20230629,208,1,.99,.99
4,3333,4,20230629,208,1,.99,.99
4,3342,4,20230629,208,1,1.99,1.99
4,3351,4,20230629,208,1,.99,.99
4,3360,4,20230629,208,1,1.99,1.99
4,3369,4,20230629,208,1,.99,.99
4,3378,4,20230629,208,1,.99,.99
4,3387,4,20230629,208,1,.99,.99
4,3396,4,20230629,208,1,.99,.99
4,3405,4,20230629,208,1,.99,.99
4,3414,4,20230629,208,1,.99,.99
4,3423,4,20230629,208,1,.99,.99
4,3432,4,20230629,208,1,.99,.99
4,3441,4,20230629,208,1,.99,.99
18,3455,3,20230707,209,1,.99,.99
19,3456,3,20230720,210,1,.99,.99
19,3457,3,20230720,210,1,.99,.99
21,3459,5,20230720,211,1,.99,.99
21,3461,5,20230720,211,1,.99,.99
23,3463,4,20230721,212,1,.99,.99
23,3465,4,20230721,212,1,.99,.99
23,3467,4,20230721,212,1,.99,.99
23,3469,4,20230721,212,1,.99,.99
27,3473,4,20230722,213,1,.99,.99
27,3477,4,20230722,213,1,.99,.99
27,3481,4,20230722,213,1,.99,.99
27,3485,4,20230722,213,1,.99,.99
27,3489,4,20230722,213,1,.99,.99
27,3493,4,20230722,213,1,.99,.99
33,2,3,20230725,214,1,.99,.99
33,8,3,20230725,214,1,.99,.99
33,14,3,20230725,214,1,.99,.99
33,20,3,20230725,214,1,.99,.99
33,26,3,20230725,214,1,.99,.99
33,32,3,20230725,214,1,.99,.99
33,38,3,20230725,214,1,.99,.99
33,44,3,20230725,214,1,.99,.99
33,3499,3,20230725,214,1,.99,.99
42,53,3,20230730,215,1,.99,.99
42,62,3,20230730,215,1,.99,.99
42,71,3,20230730,215,1,.99,.99
42,80,3,20230730,215,1,.99,.99
42,89,3,20230730,215,1,.99,.99
42,98,3,20230730,215,1,.99,.99
42,107,3,20230730,215,1,.99,.99
42,116,3,20230730,215,1,.99,.99
42,125,3,20230730,215,1,.99,.99
42,134,3,20230730,215,1,.99,.99
42,143,3,20230730,215,1,.99,.99
42,152,3,20230730,215,1,.99,.99
42,161,3,20230730,215,1,.99,.99
42,170,3,20230730,215,1,.99,.99
56,184,4,20230807,216,1,.99,.99
57,185,5,20230820,217,1,.99,.99
57,186,5,20230820,217,1,.99,.99
59,188,3,20230820,218,1,.99,.99
59,190,3,20230820,218,1,.99,.99
2,192,5,20230821,219,1,.99,.99
2,194,5,20230821,219,1,.99,.99
2,196,5,20230821,219,1,.99,.99
2,198,5,20230821,219,1,.99,.99
6,202,5,20230822,220,1,.99,.99
6,206,5,20230822,220,1,.99,.99
6,210,5,20230822,220,1,.99,.99
6,214,5,20230822,220,1,.99,.99
6,218,5,20230822,220,1,.99,.99
6,222,5,20230822,220,1,.99,.99
12,228,3,20230825,221,1,.99,.99
12,234,3,20230825,221,1,.99,.99
12,240,3,20230825,221,1,.99,.99
12,246,3,20230825,221,1,.99,.99
12,252,3,20230825,221,1,.99,.99
12,258,3,20230825,221,1,.99,.99
12,264,3,20230825,221,1,.99,.99
12,270,3,20230825,221,1,.99,.99
12,276,3,20230825,221,1,.99,.99
21,285,5,20230830,222,1,.99,.99
21,294,5,20230830,222,1,.99,.99
21,303,5,20230830,222,1,.99,.99
21,312,5,20230830,222,1,.99,.99
21,321,5,20230830,222,1,.99,.99
21,330,5,20230830,222,1,.99,.99
21,339,5,20230830,222,1,.99,.99
21,348,5,20230830,222,1,.99,.99
21,357,5,20230830,222,1,.99,.99
21,366,5,20230830,222,1,.99,.99
21,375,5,20230830,222,1,.99,.99
21,384,5,20230830,222,1,.99,.99
21,393,5,20230830,222,1,.99,.99
21,402,5,20230830,222,1,.99,.99
35,416,4,20230907,223,1,.99,.99
36,417,5,20230920,224,1,.99,.99
36,418,5,20230920,224,1,.99,.99
38,420,3,20230920,225,1,.99,.99
38,422,3,20230920,225,1,.99,.99
40,424,4,20230921,226,1,.99,.99
40,426,4,20230921,226,1,.99,.99
40,428,4,20230921,226,1,.99,.99
40,430,4,20230921,226,1,.99,.99
44,434,3,20230922,227,1,.99,.99
44,438,3,20230922,227,1,.99,.99
44,442,3,20230922,227,1,.99,.99
44,446,3,20230922,227,1,.99,.99
44,450,3,20230922,227,1,.99,.99
44,454,3,20230922,227,1,.99,.99
50,460,5,20230925,228,1,.99,.99
50,466,5,20230925,228,1,.99,.99
50,472,5,20230925,228,1,.99,.99
50,478,5,20230925,228,1,.99,.99
50,484,5,20230925,228,1,.99,.99
50,490,5,20230925,228,1,.99,.99
50,496,5,20230925,228,1,.99,.99
50,502,5,20230925,228,1,.99,.99
50,508,5,20230925,228,1,.99,.99
59,517,3,20230930,229,1,.99,.99
59,526,3,20230930,229,1,.99,.99
59,535,3,20230930,229,1,.99,.99
59,544,3,20230930,229,1,.99,.99
59,553,3,20230930,229,1,.99,.99
59,562,3,20230930,229,1,.99,.99
59,571,3,20230930,229,1,.99,.99
59,580,3,20230930,229,1,.99,.99
59,589,3,20230930,229,1,.99,.99
59,598,3,20230930,229,1,.99,.99
59,607,3,20230930,229,1,.99,.99
59,616,3,20230930,229,1,.99,.99
59,625,3,20230930,229,1,.99,.99
59,634,3,20230930,229,1,.99,.99
14,648,5,20231008,230,1,.99,.99
15,649,3,20231021,231,1,.99,.99
15,650,3,20231021,231,1,.99,.99
17,652,5,20231021,232,1,.99,.99
17,654,5,20231021,232,1,.99,.99
19,656,3,20231022,233,1,.99,.99
19,658,3,20231022,233,1,.99,.99
19,660,3,20231022,233,1,.99,.99
19,662,3,20231022,233,1,.99,.99
23,666,4,20231023,234,1,.99,.99
23,670,4,20231023,234,1,.99,.99
23,674,4,20231023,234,1,.99,.99
23,678,4,20231023,234,1,.99,.99
23,682,4,20231023,234,1,.99,.99
23,686,4,20231023,234,1,.99,.99
29,692,3,20231026,235,1,.99,.99
29,698,3,20231026,235,1,.99,.99
29,704,3,20231026,235,1,.99,.99
29,710,3,20231026,235,1,.99,.99
29,716,3,20231026,235,1,.99,.99
29,722,3,20231026,235,1,.99,.99
29,728,3,20231026,235,1,.99,.99
29,734,3,20231026,235,1,.99,.99
29,740,3,20231026,235,1,.99,.99
38,749,3,20231031,236,1,.99,.99
38,758,3,20231031,236,1,.99,.99
38,767,3,20231031,236,1,.99,.99
38,776,3,20231031,236,1,.99,.99
38,785,3,20231031,236,1,.99,.99
38,794,3,20231031,236,1,.99,.99
38,803,3,20231031,236,1,.99,.99
38,812,3,20231031,236,1,.99,.99
38,821,3,20231031,236,1,.99,.99
38,830,3,20231031,236,1,.99,.99
38,839,3,20231031,236,1,.99,.99
38,848,3,20231031,236,1,.99,.99
38,857,3,20231031,236,1,.99,.99
38,866,3,20231031,236,1,.99,.99
52,880,3,20231108,237,1,.99,.99
53,881,3,20231121,238,1,.99,.99
53,882,3,20231121,238,1,.99,.99
55,884,4,20231121,239,1,.99,.99
55,886,4,20231121,239,1,.99,.99
57,888,5,20231122,240,1,.99,.99
57,890,5,20231122,240,1,.99,.99
57,892,5,20231122,240,1,.99,.99
57,894,5,20231122,240,1,.99,.99
2,898,5,20231123,241,1,.99,.99
2,902,5,20231123,241,1,.99,.99
2,906,5,20231123,241,1,.99,.99
2,910,5,20231123,241,1,.99,.99
2,914,5,20231123,241,1,.99,.99
2,918,5,20231123,241,1,.99,.99
8,924,4,20231126,242,1,.99,.99
8,930,4,20231126,242,1,.99,.99
8,936,4,20231126,242,1,.99,.99
8,942,4,20231126,242,1,.99,.99
8,948,4,20231126,242,1,.99,.99
8,954,4,20231126,242,1,.99,.99
8,960,4,20231126,242,1,.99,.99
8,966,4,20231126,242,1,.99,.99
8,972,4,20231126,242,1,.99,.99
17,981,5,20231201,243,1,.99,.99
17,990,5,20231201,243,1,.99,.99
17,999,5,20231201,243,1,.99,.99
17,1008,5,20231201,243,1,.99,.99
17,1017,5,20231201,243,1,.99,.99
17,1026,5,20231201,243,1,.99,.99
17,1035,5,20231201,243,1,.99,.99
17,1044,5,20231201,243,1,.99,.99
17,1053,5,20231201,243,1,.99,.99
17,1062,5,20231201,243,1,.99,.99
17,1071,5,20231201,243,1,.99,.99
17,1080,5,20231201,243,1,.99,.99
17,1089,5,20231201,243,1,.99,.99
17,1098,5,20231201,243,1,.99,.99
31,1112,5,20231209,244,1,.99,.99
32,1113,4,20231222,245,1,.99,.99
32,1114,4,20231222,245,1,.99,.99
34,1116,4,20231222,246,1,.99,.99
34,1118,4,20231222,246,1,.99,.99
36,1120,5,20231223,247,1,.99,.99
36,1122,5,20231223,247,1,.99,.99
36,1124,5,20231223,247,1,.99,.99
36,1126,5,20231223,247,1,.99,.99
40,1130,4,20231224,248,1,.99,.99
40,1134,4,20231224,248,1,.99,.99
40,1138,4,20231224,248,1,.99,.99
40,1142,4,20231224,248,1,.99,.99
40,1146,4,20231224,248,1,.99,.99
40,1150,4,20231224,248,1,.99,.99
46,1156,3,20231227,249,1,.99,.99
46,1162,3,20231227,249,1,.99,.99
46,1168,3,20231227,249,1,.99,.99
46,1174,3,20231227,249,1,.99,.99
46,1180,3,20231227,249,1,.99,.99
46,1186,3,20231227,249,1,.99,.99
46,1192,3,20231227,249,1,.99,.99
46,1198,3,20231227,249,1,.99,.99
46,1204,3,20231227,249,1,.99,.99
55,1213,4,20240101,250,1,.99,.99
55,1222,4,20240101,250,1,.99,.99
55,1231,4,20240101,250,1,.99,.99
55,1240,4,20240101,250,1,.99,.99
55,1249,4,20240101,250,1,.99,.99
55,1258,4,20240101,250,1,.99,.99
55,1267,4,20240101,250,1,.99,.99
55,1276,4,20240101,250,1,.99,.99
55,1285,4,20240101,250,1,.99,.99
55,1294,4,20240101,250,1,.99,.99
55,1303,4,20240101,250,1,.99,.99
55,1312,4,20240101,250,1,.99,.99
55,1321,4,20240101,250,1,.99,.99
55,1330,4,20240101,250,1,.99,.99
10,1344,4,20240109,251,1,.99,.99
11,1345,5,20240122,252,1,.99,.99
11,1346,5,20240122,252,1,.99,.99
13,1348,4,20240122,253,1,.99,.99
13,1350,4,20240122,253,1,.99,.99
15,1352,3,20240123,254,1,.99,.99
15,1354,3,20240123,254,1,.99,.99
15,1356,3,20240123,254,1,.99,.99
15,1358,3,20240123,254,1,.99,.99
19,1362,3,20240124,255,1,.99,.99
19,1366,3,20240124,255,1,.99,.99
19,1370,3,20240124,255,1,.99,.99
19,1374,3,20240124,255,1,.99,.99
19,1378,3,20240124,255,1,.99,.99
19,1382,3,20240124,255,1,.99,.99
25,1388,5,20240127,256,1,.99,.99
25,1394,5,20240127,256,1,.99,.99
25,1400,5,20240127,256,1,.99,.99
25,1406,5,20240127,256,1,.99,.99
25,1412,5,20240127,256,1,.99,.99
25,1418,5,20240127,256,1,.99,.99
25,1424,5,20240127,256,1,.99,.99
25,1430,5,20240127,256,1,.99,.99
25,1436,5,20240127,256,1,.99,.99
34,1445,4,20240201,257,1,.99,.99
34,1454,4,20240201,257,1,.99,.99
34,1463,4,20240201,257,1,.99,.99
34,1472,4,20240201,257,1,.99,.99
34,1481,4,20240201,257,1,.99,.99
34,1490,4,20240201,257,1,.99,.99
34,1499,4,20240201,257,1,.99,.99
34,1508,4,20240201,257,1,.99,.99
34,1517,4,20240201,257,1,.99,.99
34,1526,4,20240201,257,1,.99,.99
34,1535,4,20240201,257,1,.99,.99
34,1544,4,20240201,257,1,.99,.99
34,1553,4,20240201,257,1,.99,.99
34,1562,4,20240201,257,1,.99,.99
48,1576,5,20240209,258,1,.99,.99
49,1577,4,20240222,259,1,.99,.99
49,1578,4,20240222,259,1,.99,.99
51,1580,5,20240222,260,1,.99,.99
51,1582,5,20240222,260,1,.99,.99
53,1584,3,20240223,261,1,.99,.99
53,1586,3,20240223,261,1,.99,.99
53,1588,3,20240223,261,1,.99,.99
53,1590,3,20240223,261,1,.99,.99
57,1594,5,20240224,262,1,.99,.99
57,1598,5,20240224,262,1,.99,.99
57,1602,5,20240224,262,1,.99,.99
57,1606,5,20240224,262,1,.99,.99
57,1610,5,20240224,262,1,.99,.99
57,1614,5,20240224,262,1,.99,.99
4,1620,4,20240227,263,1,.99,.99
4,1626,4,20240227,263,1,.99,.99
4,1632,4,20240227,263,1,.99,.99
4,1638,4,20240227,263,1,.99,.99
4,1644,4,20240227,263,1,.99,.99
4,1650,4,20240227,263,1,.99,.99
4,1656,4,20240227,263,1,.99,.99
4,1662,4,20240227,263,1,.99,.99
4,1668,4,20240227,263,1,.99,.99
13,1677,4,20240303,264,1,.99,.99
13,1686,4,20240303,264,1,.99,.99
13,1695,4,20240303,264,1,.99,.99
13,1704,4,20240303,264,1,.99,.99
13,1713,4,20240303,264,1,.99,.99
13,1722,4,20240303,264,1,.99,.99
13,1731,4,20240303,264,1,.99,.99
13,1740,4,20240303,264,1,.99,.99
13,1749,4,20240303,264,1,.99,.99
13,1758,4,20240303,264,1,.99,.99
13,1767,4,20240303,264,1,.99,.99
13,1776,4,20240303,264,1,.99,.99
13,1785,4,20240303,264,1,.99,.99
13,1794,4,20240303,264,1,.99,.99
27,1808,4,20240311,265,1,.99,.99
28,1809,5,20240324,266,1,.99,.99
28,1810,5,20240324,266,1,.99,.99
30,1812,3,20240324,267,1,.99,.99
30,1814,3,20240324,267,1,.99,.99
32,1816,4,20240325,268,1,.99,.99
32,1818,4,20240325,268,1,.99,.99
32,1820,4,20240325,268,1,.99,.99
32,1822,4,20240325,268,1,.99,.99
36,1826,5,20240326,269,1,.99,.99
36,1830,5,20240326,269,1,.99,.99
36,1834,5,20240326,269,1,.99,.99
36,1838,5,20240326,269,1,.99,.99
36,1842,5,20240326,269,1,.99,.99
36,1846,5,20240326,269,1,.99,.99
42,1852,3,20240329,270,1,.99,.99
42,1858,3,20240329,270,1,.99,.99
42,1864,3,20240329,270,1,.99,.99
42,1870,3,20240329,270,1,.99,.99
42,1876,3,20240329,270,1,.99,.99
42,1882,3,20240329,270,1,.99,.99
42,1888,3,20240329,270,1,.99,.99
42,1894,3,20240329,270,1,.99,.99
42,1900,3,20240329,270,1,.99,.99
51,1909,5,20240403,271,1,.99,.99
51,1918,5,20240403,271,1,.99,.99
51,1927,5,20240403,271,1,.99,.99
51,1936,5,20240403,271,1,.99,.99
51,1945,5,20240403,271,1,.99,.99
51,1954,5,20240403,271,1,.99,.99
51,1963,5,20240403,271,1,.99,.99
51,1972,5,20240403,271,1,.99,.99
51,1981,5,20240403,271,1,.99,.99
51,1990,5,20240403,271,1,.99,.99
51,1999,5,20240403,271,1,.99,.99
51,2008,5,20240403,271,1,.99,.99
51,2017,5,20240403,271,1,.99,.99
51,2026,5,20240403,271,1,.99,.99
6,2040,5,20240411,272,1,.99,.99
7,2041,5,20240424,273,1,.99,.99
7,2042,5,20240424,273,1,.99,.99
9,2044,4,20240424,274,1,.99,.99
9,2046,4,20240424,274,1,.99,.99
11,2048,5,20240425,275,1,.99,.99
11,2050,5,20240425,275,1,.99,.99
11,2052,5,20240425,275,1,.99,.99
11,2054,5,20240425,275,1,.99,.99
15,2058,3,20240426,276,1,.99,.99
15,2062,3,20240426,276,1,.99,.99
15,2066,3,20240426,276,1,.99,.99
15,2070,3,20240426,276,1,.99,.99
15,2074,3,20240426,276,1,.99,.99
15,2078,3,20240426,276,1,.99,.99
21,2084,5,20240429,277,1,.99,.99
21,2090,5,20240429,277,1,.99,.99
21,2096,5,20240429,277,1,.99,.99
21,2102,5,20240429,277,1,.99,.99
21,2108,5,20240429,277,1,.99,.99
21,2114,5,20240429,277,1,.99,.99
21,2120,5,20240429,277,1,.99,.99
21,2126,5,20240429,277,1,.99,.99
21,2132,5,20240429,277,1,.99,.99
30,2141,3,20240504,278,1,.99,.99
30,2150,3,20240504,278,1,.99,.99
30,2159,3,20240504,278,1,.99,.99
30,2168,3,20240504,278,1,.99,.99
30,2177,3,20240504,278,1,.99,.99
30,2186,3,20240504,278,1,.99,.99
30,2195,3,20240504,278,1,.99,.99
30,2204,3,20240504,278,1,.99,.99
30,2213,3,20240504,278,1,.99,.99
30,2222,3,20240504,278,1,.99,.99
30,2231,3,20240504,278,1,.99,.99
30,2240,3,20240504,278,1,.99,.99
30,2249,3,20240504,278,1,.99,.99
30,2258,3,20240504,278,1,.99,.99
44,2272,3,20240512,279,1,.99,.99
45,2273,3,20240525,280,1,.99,.99
45,2274,3,20240525,280,1,.99,.99
47,2276,5,20240525,281,1,.99,.99
47,2278,5,20240525,281,1,.99,.99
49,2280,4,20240526,282,1,.99,.99
49,2282,4,20240526,282,1,.99,.99
49,2284,4,20240526,282,1,.99,.99
49,2286,4,20240526,282,1,.99,.99
53,2290,3,20240527,283,1,.99,.99
53,2294,3,20240527,283,1,.99,.99
53,2298,3,20240527,283,1,.99,.99
53,2302,3,20240527,283,1,.99,.99
53,2306,3,20240527,283,1,.99,.99
53,2310,3,20240527,283,1,.99,.99
59,2316,3,20240530,284,1,.99,.99
59,2322,3,20240530,284,1,.99,.99
59,2328,3,20240530,284,1,.99,.99
59,2334,3,20240530,284,1,.99,.99
59,2340,3,20240530,284,1,.99,.99
59,2346,3,20240530,284,1,.99,.99
59,2352,3,20240530,284,1,.99,.99
59,2358,3,20240530,284,1,.99,.99
59,2364,3,20240530,284,1,.99,.99
9,2373,4,20240604,285,1,.99,.99
9,2382,4,20240604,285,1,.99,.99
9,2391,4,20240604,285,1,.99,.99
9,2400,4,20240604,285,1,.99,.99
9,2409,4,20240604,285,1,.99,.99
9,2418,4,20240604,285,1,.99,.99
9,2427,4,20240604,285,1,.99,.99
9,2436,4,20240604,285,1,.99,.99
9,2445,4,20240604,285,1,.99,.99
9,2454,4,20240604,285,1,.99,.99
9,2463,4,20240604,285,1,.99,.99
9,2472,4,20240604,285,1,.99,.99
9,2481,4,20240604,285,1,.99,.99
9,2490,4,20240604,285,1,.99,.99
23,2504,4,20240612,286,1,.99,.99
24,2505,3,20240625,287,1,.99,.99
24,2506,3,20240625,287,1,.99,.99
26,2508,4,20240625,288,1,.99,.99
26,2510,4,20240625,288,1,.99,.99
28,2512,5,20240626,289,1,.99,.99
28,2514,5,20240626,289,1,.99,.99
28,2516,5,20240626,289,1,.99,.99
28,2518,5,20240626,289,1,.99,.99
32,2522,4,20240627,290,1,.99,.99
32,2526,4,20240627,290,1,.99,.99
32,2530,4,20240627,290,1,.99,.99
32,2534,4,20240627,290,1,.99,.99
32,2538,4,20240627,290,1,.99,.99
32,2542,4,20240627,290,1,.99,.99
38,2548,3,20240630,291,1,.99,.99
38,2554,3,20240630,291,1,.99,.99
38,2560,3,20240630,291,1,.99,.99
38,2566,3,20240630,291,1,.99,.99
38,2572,3,20240630,291,1,.99,.99
38,2578,3,20240630,291,1,.99,.99
38,2584,3,20240630,291,1,.99,.99
38,2590,3,20240630,291,1,.99,.99
38,2596,3,20240630,291,1,.99,.99
47,2605,5,20240705,292,1,.99,.99
47,2614,5,20240705,292,1,.99,.99
47,2623,5,20240705,292,1,.99,.99
47,2632,5,20240705,292,1,.99,.99
47,2641,5,20240705,292,1,.99,.99
47,2650,5,20240705,292,1,.99,.99
47,2659,5,20240705,292,1,.99,.99
47,2668,5,20240705,292,1,.99,.99
47,2677,5,20240705,292,1,.99,.99
47,2686,5,20240705,292,1,.99,.99
47,2695,5,20240705,292,1,.99,.99
47,2704,5,20240705,292,1,.99,.99
47,2713,5,20240705,292,1,.99,.99
47,2722,5,20240705,292,1,.99,.99
2,2736,5,20240713,293,1,.99,.99
3,2737,3,20240726,294,1,.99,.99
3,2738,3,20240726,294,1,.99,.99
5,2740,4,20240726,295,1,.99,.99
5,2742,4,20240726,295,1,.99,.99
7,2744,5,20240727,296,1,.99,.99
7,2746,5,20240727,296,1,.99,.99
7,2748,5,20240727,296,1,.99,.99
7,2750,5,20240727,296,1,.99,.99
11,2754,5,20240728,297,1,.99,.99
11,2758,5,20240728,297,1,.99,.99
11,2762,5,20240728,297,1,.99,.99
11,2766,5,20240728,297,1,.99,.99
11,2770,5,20240728,297,1,.99,.99
11,2774,5,20240728,297,1,.99,.99
17,2780,5,20240731,298,1,.99,.99
17,2786,5,20240731,298,1,.99,.99
17,2792,5,20240731,298,1,.99,.99
17,2798,5,20240731,298,1,.99,.99
17,2804,5,20240731,298,1,.99,.99
17,2810,5,20240731,298,1,.99,.99
17,2816,5,20240731,298,1,.99,.99
17,2822,5,20240731,298,1,1.99,1.99
17,2828,5,20240731,298,1,1.99,1.99
26,2837,4,20240805,299,1,1.99,1.99
26,2846,4,20240805,299,1,1.99,1.99
26,2855,4,20240805,299,1,1.99,1.99
26,2864,4,20240805,299,1,1.99,1.99
26,2873,4,20240805,299,1,1.99,1.99
26,2882,4,20240805,299,1,1.99,1.99
26,2891,4,20240805,299,1,1.99,1.99
26,2900,4,20240805,299,1,1.99,1.99
26,2909,4,20240805,299,1,1.99,1.99
26,2918,4,20240805,299,1,1.99,1.99
26,2927,4,20240805,299,1,.99,.99
26,2936,4,20240805,299,1,.99,.99
26,2945,4,20240805,299,1,.99,.99
26,2954,4,20240805,299,1,.99,.99
40,2968,4,20240813,300,1,.99,.99
41,2969,5,20240826,301,1,.99,.99
41,2970,5,20240826,301,1,.99,.99
43,2972,3,20240826,302,1,.99,.99
43,2974,3,20240826,302,1,.99,.99
45,2976,3,20240827,303,1,.99,.99
45,2978,3,20240827,303,1,.99,.99
45,2980,3,20240827,303,1,.99,.99
45,2982,3,20240827,303,1,.99,.99
49,2986,4,20240828,304,1,.99,.99
49,2990,4,20240828,304,1,.99,.99
49,2994,4,20240828,304,1,.99,.99
49,2998,4,20240828,304,1,.99,.99
49,3002,4,20240828,304,1,.99,.99
49,3006,4,20240828,304,1,.99,.99
55,3012,4,20240831,305,1,.99,.99
55,3018,4,20240831,305,1,.99,.99
55,3024,4,20240831,305,1,.99,.99
55,3030,4,20240831,305,1,.99,.99
55,3036,4,20240831,305,1,.99,.99
55,3042,4,20240831,305,1,.99,.99
55,3048,4,20240831,305,1,.99,.99
55,3054,4,20240831,305,1,.99,.99
55,3060,4,20240831,305,1,.99,.99
5,3069,4,20240905,306,1,.99,.99
5,3078,4,20240905,306,1,.99,.99
5,3087,4,20240905,306,1,.99,.99
5,3096,4,20240905,306,1,.99,.99
5,3105,4,20240905,306,1,.99,.99
5,3114,4,20240905,306,1,.99,.99
5,3123,4,20240905,306,1,.99,.99
5,3132,4,20240905,306,1,.99,.99
5,3141,4,20240905,306,1,.99,.99
5,3150,4,20240905,306,1,.99,.99
5,3159,4,20240905,306,1,.99,.99
5,3168,4,20240905,306,1,1.99,1.99
5,3177,4,20240905,306,1,1.99,1.99
5,3186,4,20240905,306,1,1.99,1.99
19,3200,3,20240913,307,1,1.99,1.99
20,3201,4,20240926,308,1,1.99,1.99
20,3202,4,20240926,308,1,1.99,1.99
22,3204,4,20240926,309,1,1.99,1.99
22,3206,4,20240926,309,1,1.99,1.99
24,3208,3,20240927,310,1,1.99,1.99
24,3210,3,20240927,310,1,1.99,1.99
24,3212,3,20240927,310,1,1.99,1.99
24,3214,3,20240927,310,1,1.99,1.99
28,3218,5,20240928,311,1,1.99,1.99
28,3222,5,20240928,311,1,1.99,1.99
28,3226,5,20240928,311,1,1.99,1.99
28,3230,5,20240928,311,1,1.99,1.99
28,3234,5,20240928,311,1,1.99,1.99
28,3238,5,20240928,311,1,1.99,1.99
34,3244,4,20241001,312,1,1.99,1.99
34,3250,4,20241001,312,1,1.99,1.99
34,3256,4,20241001,312,1,.99,.99
34,3262,4,20241001,312,1,.99,.99
34,3268,4,20241001,312,1,.99,.99
34,3274,4,20241001,312,1,.99,.99
34,3280,4,20241001,312,1,.99,.99
34,3286,4,20241001,312,1,.99,.99
34,3292,4,20241001,312,1,.99,.99
43,3301,3,20241006,313,1,.99,.99
43,3310,3,20241006,313,1,.99,.99
43,3319,3,20241006,313,1,.99,.99
43,3328,3,20241006,313,1,.99,.99
43,3337,3,20241006,313,1,1.99,1.99
43,3346,3,20241006,313,1,1.99,1.99
43,3355,3,20241006,313,1,.99,.99
43,3364,3,20241006,313,1,1.99,1.99
43,3373,3,20241006,313,1,.99,.99
43,3382,3,20241006,313,1,.99,.99
43,3391,3,20241006,313,1,.99,.99
43,3400,3,20241006,313,1,.99,.99
43,3409,3,20241006,313,1,.99,.99
43,3418,3,20241006,313,1,.99,.99
57,3432,5,20241014,314,1,.99,.99
1,3436,3,20241027,316,1,.99,.99
1,3438,3,20241027,316,1,.99,.99
58,3433,3,20241027,315,1,.99,.99
58,3434,3,20241027,315,1,.99,.99
3,3440,3,20241028,317,1,.99,.99
3,3442,3,20241028,317,1,.99,.99
3,3444,3,20241028,317,1,.99,.99
3,3446,3,20241028,317,1,.99,.99
7,3450,5,20241029,318,1,.99,.99
7,3454,5,20241029,318,1,.99,.99
7,3458,5,20241029,318,1,.99,.99
7,3462,5,20241029,318,1,.99,.99
7,3466,5,20241029,318,1,.99,.99
7,3470,5,20241029,318,1,.99,.99
13,3,4,20241101,319,1,.99,.99
13,9,4,20241101,319,1,.99,.99
13,15,4,20241101,319,1,.99,.99
13,21,4,20241101,319,1,.99,.99
13,3476,4,20241101,319,1,.99,.99
13,3482,4,20241101,319,1,.99,.99
13,3488,4,20241101,319,1,.99,.99
13,3494,4,20241101,319,1,.99,.99
13,3500,4,20241101,319,1,.99,.99
22,30,4,20241106,320,1,.99,.99
22,39,4,20241106,320,1,.99,.99
22,48,4,20241106,320,1,.99,.99
22,57,4,20241106,320,1,.99,.99
22,66,4,20241106,320,1,.99,.99
22,75,4,20241106,320,1,.99,.99
22,84,4,20241106,320,1,.99,.99
22,93,4,20241106,320,1,.99,.99
22,102,4,20241106,320,1,.99,.99
22,111,4,20241106,320,1,.99,.99
22,120,4,20241106,320,1,.99,.99
22,129,4,20241106,320,1,.99,.99
22,138,4,20241106,320,1,.99,.99
22,147,4,20241106,320,1,.99,.99
36,161,5,20241114,321,1,.99,.99
37,162,3,20241127,322,1,.99,.99
37,163,3,20241127,322,1,.99,.99
39,165,4,20241127,323,1,.99,.99
39,167,4,20241127,323,1,.99,.99
41,169,5,20241128,324,1,.99,.99
41,171,5,20241128,324,1,.99,.99
41,173,5,20241128,324,1,.99,.99
41,175,5,20241128,324,1,.99,.99
45,179,3,20241129,325,1,.99,.99
45,183,3,20241129,325,1,.99,.99
45,187,3,20241129,325,1,.99,.99
45,191,3,20241129,325,1,.99,.99
45,195,3,20241129,325,1,.99,.99
45,199,3,20241129,325,1,.99,.99
51,205,5,20241202,326,1,.99,.99
51,211,5,20241202,326,1,.99,.99
51,217,5,20241202,326,1,.99,.99
51,223,5,20241202,326,1,.99,.99
51,229,5,20241202,326,1,.99,.99
51,235,5,20241202,326,1,.99,.99
51,241,5,20241202,326,1,.99,.99
51,247,5,20241202,326,1,.99,.99
51,253,5,20241202,326,1,.99,.99
1,262,3,20241207,327,1,.99,.99
1,271,3,20241207,327,1,.99,.99
1,280,3,20241207,327,1,.99,.99
1,289,3,20241207,327,1,.99,.99
1,298,3,20241207,327,1,.99,.99
1,307,3,20241207,327,1,.99,.99
1,316,3,20241207,327,1,.99,.99
1,325,3,20241207,327,1,.99,.99
1,334,3,20241207,327,1,.99,.99
1,343,3,20241207,327,1,.99,.99
1,352,3,20241207,327,1,.99,.99
1,361,3,20241207,327,1,.99,.99
1,370,3,20241207,327,1,.99,.99
1,379,3,20241207,327,1,.99,.99
15,393,3,20241215,328,1,.99,.99
16,394,4,20241228,329,1,.99,.99
16,395,4,20241228,329,1,.99,.99
18,397,3,20241228,330,1,.99,.99
18,399,3,20241228,330,1,.99,.99
20,401,4,20241229,331,1,.99,.99
20,403,4,20241229,331,1,.99,.99
20,405,4,20241229,331,1,.99,.99
20,407,4,20241229,331,1,.99,.99
24,411,3,20241230,332,1,.99,.99
24,415,3,20241230,332,1,.99,.99
24,419,3,20241230,332,1,.99,.99
24,423,3,20241230,332,1,.99,.99
24,427,3,20241230,332,1,.99,.99
24,431,3,20241230,332,1,.99,.99
30,437,3,20250102,333,1,.99,.99
30,443,3,20250102,333,1,.99,.99
30,449,3,20250102,333,1,.99,.99
30,455,3,20250102,333,1,.99,.99
30,461,3,20250102,333,1,.99,.99
30,467,3,20250102,333,1,.99,.99
30,473,3,20250102,333,1,.99,.99
30,479,3,20250102,333,1,.99,.99
30,485,3,20250102,333,1,.99,.99
39,494,4,20250107,334,1,.99,.99
39,503,4,20250107,334,1,.99,.99
39,512,4,20250107,334,1,.99,.99
39,521,4,20250107,334,1,.99,.99
39,530,4,20250107,334,1,.99,.99
39,539,4,20250107,334,1,.99,.99
39,548,4,20250107,334,1,.99,.99
39,557,4,20250107,334,1,.99,.99
39,566,4,20250107,334,1,.99,.99
39,575,4,20250107,334,1,.99,.99
39,584,4,20250107,334,1,.99,.99
39,593,4,20250107,334,1,.99,.99
39,602,4,20250107,334,1,.99,.99
39,611,4,20250107,334,1,.99,.99
53,625,3,20250115,335,1,.99,.99
54,626,5,20250128,336,1,.99,.99
54,627,5,20250128,336,1,.99,.99
56,629,4,20250128,337,1,.99,.99
56,631,4,20250128,337,1,.99,.99
58,633,3,20250129,338,1,.99,.99
58,635,3,20250129,338,1,.99,.99
58,637,3,20250129,338,1,.99,.99
58,639,3,20250129,338,1,.99,.99
3,643,3,20250130,339,1,.99,.99
3,647,3,20250130,339,1,.99,.99
3,651,3,20250130,339,1,.99,.99
3,655,3,20250130,339,1,.99,.99
3,659,3,20250130,339,1,.99,.99
3,663,3,20250130,339,1,.99,.99
9,669,4,20250202,340,1,.99,.99
9,675,4,20250202,340,1,.99,.99
9,681,4,20250202,340,1,.99,.99
9,687,4,20250202,340,1,.99,.99
9,693,4,20250202,340,1,.99,.99
9,699,4,20250202,340,1,.99,.99
9,705,4,20250202,340,1,.99,.99
9,711,4,20250202,340,1,.99,.99
9,717,4,20250202,340,1,.99,.99
18,726,3,20250207,341,1,.99,.99
18,735,3,20250207,341,1,.99,.99
18,744,3,20250207,341,1,.99,.99
18,753,3,20250207,341,1,.99,.99
18,762,3,20250207,341,1,.99,.99
18,771,3,20250207,341,1,.99,.99
18,780,3,20250207,341,1,.99,.99
18,789,3,20250207,341,1,.99,.99
18,798,3,20250207,341,1,.99,.99
18,807,3,20250207,341,1,.99,.99
18,816,3,20250207,341,1,.99,.99
18,825,3,20250207,341,1,.99,.99
18,834,3,20250207,341,1,.99,.99
18,843,3,20250207,341,1,.99,.99
32,857,4,20250215,342,1,.99,.99
33,858,3,20250228,343,1,.99,.99
33,859,3,20250228,343,1,.99,.99
35,861,4,20250228,344,1,.99,.99
35,863,4,20250228,344,1,.99,.99
37,865,3,20250301,345,1,.99,.99
37,867,3,20250301,345,1,.99,.99
37,869,3,20250301,345,1,.99,.99
37,871,3,20250301,345,1,.99,.99
41,875,5,20250302,346,1,.99,.99
41,879,5,20250302,346,1,.99,.99
41,883,5,20250302,346,1,.99,.99
41,887,5,20250302,346,1,.99,.99
41,891,5,20250302,346,1,.99,.99
41,895,5,20250302,346,1,.99,.99
47,901,5,20250305,347,1,.99,.99
47,907,5,20250305,347,1,.99,.99
47,913,5,20250305,347,1,.99,.99
47,919,5,20250305,347,1,.99,.99
47,925,5,20250305,347,1,.99,.99
47,931,5,20250305,347,1,.99,.99
47,937,5,20250305,347,1,.99,.99
47,943,5,20250305,347,1,.99,.99
47,949,5,20250305,347,1,.99,.99
56,958,4,20250310,348,1,.99,.99
56,967,4,20250310,348,1,.99,.99
56,976,4,20250310,348,1,.99,.99
56,985,4,20250310,348,1,.99,.99
56,994,4,20250310,348,1,.99,.99
56,1003,4,20250310,348,1,.99,.99
56,1012,4,20250310,348,1,.99,.99
56,1021,4,20250310,348,1,.99,.99
56,1030,4,20250310,348,1,.99,.99
56,1039,4,20250310,348,1,.99,.99
56,1048,4,20250310,348,1,.99,.99
56,1057,4,20250310,348,1,.99,.99
56,1066,4,20250310,348,1,.99,.99
56,1075,4,20250310,348,1,.99,.99
11,1089,5,20250318,349,1,.99,.99
12,1090,3,20250331,350,1,.99,.99
12,1091,3,20250331,350,1,.99,.99
14,1093,5,20250331,351,1,.99,.99
14,1095,5,20250331,351,1,.99,.99
16,1097,4,20250401,352,1,.99,.99
16,1099,4,20250401,352,1,.99,.99
16,1101,4,20250401,352,1,.99,.99
16,1103,4,20250401,352,1,.99,.99
20,1107,4,20250402,353,1,.99,.99
20,1111,4,20250402,353,1,.99,.99
20,1115,4,20250402,353,1,.99,.99
20,1119,4,20250402,353,1,.99,.99
20,1123,4,20250402,353,1,.99,.99
20,1127,4,20250402,353,1,.99,.99
26,1133,4,20250405,354,1,.99,.99
26,1139,4,20250405,354,1,.99,.99
26,1145,4,20250405,354,1,.99,.99
26,1151,4,20250405,354,1,.99,.99
26,1157,4,20250405,354,1,.99,.99
26,1163,4,20250405,354,1,.99,.99
26,1169,4,20250405,354,1,.99,.99
26,1175,4,20250405,354,1,.99,.99
26,1181,4,20250405,354,1,.99,.99
35,1190,4,20250410,355,1,.99,.99
35,1199,4,20250410,355,1,.99,.99
35,1208,4,20250410,355,1,.99,.99
35,1217,4,20250410,355,1,.99,.99
35,1226,4,20250410,355,1,.99,.99
35,1235,4,20250410,355,1,.99,.99
35,1244,4,20250410,355,1,.99,.99
35,1253,4,20250410,355,1,.99,.99
35,1262,4,20250410,355,1,.99,.99
35,1271,4,20250410,355,1,.99,.99
35,1280,4,20250410,355,1,.99,.99
35,1289,4,20250410,355,1,.99,.99
35,1298,4,20250410,355,1,.99,.99
35,1307,4,20250410,355,1,.99,.99
49,1321,4,20250418,356,1,.99,.99
50,1322,5,20250501,357,1,.99,.99
50,1323,5,20250501,357,1,.99,.99
52,1325,3,20250501,358,1,.99,.99
52,1327,3,20250501,358,1,.99,.99
54,1329,5,20250502,359,1,.99,.99
54,1331,5,20250502,359,1,.99,.99
54,1333,5,20250502,359,1,.99,.99
54,1335,5,20250502,359,1,.99,.99
58,1339,3,20250503,360,1,.99,.99
58,1343,3,20250503,360,1,.99,.99
58,1347,3,20250503,360,1,.99,.99
58,1351,3,20250503,360,1,.99,.99
58,1355,3,20250503,360,1,.99,.99
58,1359,3,20250503,360,1,.99,.99
5,1365,4,20250506,361,1,.99,.99
5,1371,4,20250506,361,1,.99,.99
5,1377,4,20250506,361,1,.99,.99
5,1383,4,20250506,361,1,.99,.99
5,1389,4,20250506,361,1,.99,.99
5,1395,4,20250506,361,1,.99,.99
5,1401,4,20250506,361,1,.99,.99
5,1407,4,20250506,361,1,.99,.99
5,1413,4,20250506,361,1,.99,.99
14,1422,5,20250511,362,1,.99,.99
14,1431,5,20250511,362,1,.99,.99
14,1440,5,20250511,362,1,.99,.99
14,1449,5,20250511,362,1,.99,.99
14,1458,5,20250511,362,1,.99,.99
14,1467,5,20250511,362,1,.99,.99
14,1476,5,20250511,362,1,.99,.99
14,1485,5,20250511,362,1,.99,.99
14,1494,5,20250511,362,1,.99,.99
14,1503,5,20250511,362,1,.99,.99
14,1512,5,20250511,362,1,.99,.99
14,1521,5,20250511,362,1,.99,.99
14,1530,5,20250511,362,1,.99,.99
14,1539,5,20250511,362,1,.99,.99
28,1553,5,20250519,363,1,.99,.99
29,1554,3,20250601,364,1,.99,.99
29,1555,3,20250601,364,1,.99,.99
31,1557,5,20250601,365,1,.99,.99
31,1559,5,20250601,365,1,.99,.99
33,1561,3,20250602,366,1,.99,.99
33,1563,3,20250602,366,1,.99,.99
33,1565,3,20250602,366,1,.99,.99
33,1567,3,20250602,366,1,.99,.99
37,1571,3,20250603,367,1,.99,.99
37,1575,3,20250603,367,1,.99,.99
37,1579,3,20250603,367,1,.99,.99
37,1583,3,20250603,367,1,.99,.99
37,1587,3,20250603,367,1,.99,.99
37,1591,3,20250603,367,1,.99,.99
43,1597,3,20250606,368,1,.99,.99
43,1603,3,20250606,368,1,.99,.99
43,1609,3,20250606,368,1,.99,.99
43,1615,3,20250606,368,1,.99,.99
43,1621,3,20250606,368,1,.99,.99
43,1627,3,20250606,368,1,.99,.99
43,1633,3,20250606,368,1,.99,.99
43,1639,3,20250606,368,1,.99,.99
43,1645,3,20250606,368,1,.99,.99
52,1654,3,20250611,369,1,.99,.99
52,1663,3,20250611,369,1,.99,.99
52,1672,3,20250611,369,1,.99,.99
52,1681,3,20250611,369,1,.99,.99
52,1690,3,20250611,369,1,.99,.99
52,1699,3,20250611,369,1,.99,.99
52,1708,3,20250611,369,1,.99,.99
52,1717,3,20250611,369,1,.99,.99
52,1726,3,20250611,369,1,.99,.99
52,1735,3,20250611,369,1,.99,.99
52,1744,3,20250611,369,1,.99,.99
52,1753,3,20250611,369,1,.99,.99
52,1762,3,20250611,369,1,.99,.99
52,1771,3,20250611,369,1,.99,.99
7,1785,5,20250619,370,1,.99,.99
8,1786,4,20250702,371,1,.99,.99
8,1787,4,20250702,371,1,.99,.99
10,1789,4,20250702,372,1,.99,.99
10,1791,4,20250702,372,1,.99,.99
12,1793,3,20250703,373,1,.99,.99
12,1795,3,20250703,373,1,.99,.99
12,1797,3,20250703,373,1,.99,.99
12,1799,3,20250703,373,1,.99,.99
16,1803,4,20250704,374,1,.99,.99
16,1807,4,20250704,374,1,.99,.99
16,1811,4,20250704,374,1,.99,.99
16,1815,4,20250704,374,1,.99,.99
16,1819,4,20250704,374,1,.99,.99
16,1823,4,20250704,374,1,.99,.99
22,1829,4,20250707,375,1,.99,.99
22,1835,4,20250707,375,1,.99,.99
22,1841,4,20250707,375,1,.99,.99
22,1847,4,20250707,375,1,.99,.99
22,1853,4,20250707,375,1,.99,.99
22,1859,4,20250707,375,1,.99,.99
22,1865,4,20250707,375,1,.99,.99
22,1871,4,20250707,375,1,.99,.99
22,1877,4,20250707,375,1,.99,.99
31,1886,5,20250712,376,1,.99,.99
31,1895,5,20250712,376,1,.99,.99
31,1904,5,20250712,376,1,.99,.99
31,1913,5,20250712,376,1,.99,.99
31,1922,5,20250712,376,1,.99,.99
31,1931,5,20250712,376,1,.99,.99
31,1940,5,20250712,376,1,.99,.99
31,1949,5,20250712,376,1,.99,.99
31,1958,5,20250712,376,1,.99,.99
31,1967,5,20250712,376,1,.99,.99
31,1976,5,20250712,376,1,.99,.99
31,1985,5,20250712,376,1,.99,.99
31,1994,5,20250712,376,1,.99,.99
31,2003,5,20250712,376,1,.99,.99
45,2017,3,20250720,377,1,.99,.99
46,2018,3,20250802,378,1,.99,.99
46,2019,3,20250802,378,1,.99,.99
48,2021,5,20250802,379,1,.99,.99
48,2023,5,20250802,379,1,.99,.99
50,2025,5,20250803,380,1,.99,.99
50,2027,5,20250803,380,1,.99,.99
50,2029,5,20250803,380,1,.99,.99
50,2031,5,20250803,380,1,.99,.99
54,2035,5,20250804,381,1,.99,.99
54,2039,5,20250804,381,1,.99,.99
54,2043,5,20250804,381,1,.99,.99
54,2047,5,20250804,381,1,.99,.99
54,2051,5,20250804,381,1,.99,.99
54,2055,5,20250804,381,1,.99,.99
1,2061,3,20250807,382,1,.99,.99
1,2067,3,20250807,382,1,.99,.99
1,2073,3,20250807,382,1,.99,.99
1,2079,3,20250807,382,1,.99,.99
1,2085,3,20250807,382,1,.99,.99
1,2091,3,20250807,382,1,.99,.99
1,2097,3,20250807,382,1,.99,.99
1,2103,3,20250807,382,1,.99,.99
1,2109,3,20250807,382,1,.99,.99
10,2118,4,20250812,383,1,.99,.99
10,2127,4,20250812,383,1,.99,.99
10,2136,4,20250812,383,1,.99,.99
10,2145,4,20250812,383,1,.99,.99
10,2154,4,20250812,383,1,.99,.99
10,2163,4,20250812,383,1,.99,.99
10,2172,4,20250812,383,1,.99,.99
10,2181,4,20250812,383,1,.99,.99
10,2190,4,20250812,383,1,.99,.99
10,2199,4,20250812,383,1,.99,.99
10,2208,4,20250812,383,1,.99,.99
10,2217,4,20250812,383,1,.99,.99
10,2226,4,20250812,383,1,.99,.99
10,2235,4,20250812,383,1,.99,.99
24,2249,3,20250820,384,1,.99,.99
25,2250,5,20250902,385,1,.99,.99
25,2251,5,20250902,385,1,.99,.99
27,2253,4,20250902,386,1,.99,.99
27,2255,4,20250902,386,1,.99,.99
29,2257,3,20250903,387,1,.99,.99
29,2259,3,20250903,387,1,.99,.99
29,2261,3,20250903,387,1,.99,.99
29,2263,3,20250903,387,1,.99,.99
33,2267,3,20250904,388,1,.99,.99
33,2271,3,20250904,388,1,.99,.99
33,2275,3,20250904,388,1,.99,.99
33,2279,3,20250904,388,1,.99,.99
33,2283,3,20250904,388,1,.99,.99
33,2287,3,20250904,388,1,.99,.99
39,2293,4,20250907,389,1,.99,.99
39,2299,4,20250907,389,1,.99,.99
39,2305,4,20250907,389,1,.99,.99
39,2311,4,20250907,389,1,.99,.99
39,2317,4,20250907,389,1,.99,.99
39,2323,4,20250907,389,1,.99,.99
39,2329,4,20250907,389,1,.99,.99
39,2335,4,20250907,389,1,.99,.99
39,2341,4,20250907,389,1,.99,.99
48,2350,5,20250912,390,1,.99,.99
48,2359,5,20250912,390,1,.99,.99
48,2368,5,20250912,390,1,.99,.99
48,2377,5,20250912,390,1,.99,.99
48,2386,5,20250912,390,1,.99,.99
48,2395,5,20250912,390,1,.99,.99
48,2404,5,20250912,390,1,.99,.99
48,2413,5,20250912,390,1,.99,.99
48,2422,5,20250912,390,1,.99,.99
48,2431,5,20250912,390,1,.99,.99
48,2440,5,20250912,390,1,.99,.99
48,2449,5,20250912,390,1,.99,.99
48,2458,5,20250912,390,1,.99,.99
48,2467,5,20250912,390,1,.99,.99
3,2481,3,20250920,391,1,.99,.99
4,2482,4,20251003,392,1,.99,.99
4,2483,4,20251003,392,1,.99,.99
6,2485,5,20251003,393,1,.99,.99
6,2487,5,20251003,393,1,.99,.99
8,2489,4,20251004,394,1,.99,.99
8,2491,4,20251004,394,1,.99,.99
8,2493,4,20251004,394,1,.99,.99
8,2495,4,20251004,394,1,.99,.99
12,2499,3,20251005,395,1,.99,.99
12,2503,3,20251005,395,1,.99,.99
12,2507,3,20251005,395,1,.99,.99
12,2511,3,20251005,395,1,.99,.99
12,2515,3,20251005,395,1,.99,.99
12,2519,3,20251005,395,1,.99,.99
18,2525,3,20251008,396,1,.99,.99
18,2531,3,20251008,396,1,.99,.99
18,2537,3,20251008,396,1,.99,.99
18,2543,3,20251008,396,1,.99,.99
18,2549,3,20251008,396,1,.99,.99
18,2555,3,20251008,396,1,.99,.99
18,2561,3,20251008,396,1,.99,.99
18,2567,3,20251008,396,1,.99,.99
18,2573,3,20251008,396,1,.99,.99
27,2582,4,20251013,397,1,.99,.99
27,2591,4,20251013,397,1,.99,.99
27,2600,4,20251013,397,1,.99,.99
27,2609,4,20251013,397,1,.99,.99
27,2618,4,20251013,397,1,.99,.99
27,2627,4,20251013,397,1,.99,.99
27,2636,4,20251013,397,1,.99,.99
27,2645,4,20251013,397,1,.99,.99
27,2654,4,20251013,397,1,.99,.99
27,2663,4,20251013,397,1,.99,.99
27,2672,4,20251013,397,1,.99,.99
27,2681,4,20251013,397,1,.99,.99
27,2690,4,20251013,397,1,.99,.99
27,2699,4,20251013,397,1,.99,.99
41,2713,5,20251021,398,1,.99,.99
42,2714,3,20251103,399,1,.99,.99
42,2715,3,20251103,399,1,.99,.99
44,2717,3,20251103,400,1,.99,.99
44,2719,3,20251103,400,1,.99,.99
46,2721,3,20251104,401,1,.99,.99
46,2723,3,20251104,401,1,.99,.99
46,2725,3,20251104,401,1,.99,.99
46,2727,3,20251104,401,1,.99,.99
50,2731,5,20251105,402,1,.99,.99
50,2735,5,20251105,402,1,.99,.99
50,2739,5,20251105,402,1,.99,.99
50,2743,5,20251105,402,1,.99,.99
50,2747,5,20251105,402,1,.99,.99
50,2751,5,20251105,402,1,.99,.99
56,2757,4,20251108,403,1,.99,.99
56,2763,4,20251108,403,1,.99,.99
56,2769,4,20251108,403,1,.99,.99
56,2775,4,20251108,403,1,.99,.99
56,2781,4,20251108,403,1,.99,.99
56,2787,4,20251108,403,1,.99,.99
56,2793,4,20251108,403,1,.99,.99
56,2799,4,20251108,403,1,.99,.99
56,2805,4,20251108,403,1,.99,.99
6,2814,5,20251113,404,1,.99,.99
6,2823,5,20251113,404,1,1.99,1.99
6,2832,5,20251113,404,1,1.99,1.99
6,2841,5,20251113,404,1,1.99,1.99
6,2850,5,20251113,404,1,1.99,1.99
6,2859,5,20251113,404,1,1.99,1.99
6,2868,5,20251113,404,1,1.99,1.99
6,2877,5,20251113,404,1,1.99,1.99
6,2886,5,20251113,404,1,1.99,1.99
6,2895,5,20251113,404,1,1.99,1.99
6,2904,5,20251113,404,1,1.99,1.99
6,2913,5,20251113,404,1,1.99,1.99
6,2922,5,20251113,404,1,1.99,1.99
6,2931,5,20251113,404,1,.99,.99
20,2945,4,20251121,405,1,.99,.99
21,2946,5,20251204,406,1,.99,.99
21,2947,5,20251204,406,1,.99,.99
23,2949,4,20251204,407,1,.99,.99
23,2951,4,20251204,407,1,.99,.99
25,2953,5,20251205,408,1,.99,.99
25,2955,5,20251205,408,1,.99,.99
25,2957,5,20251205,408,1,.99,.99
25,2959,5,20251205,408,1,.99,.99
29,2963,3,20251206,409,1,.99,.99
29,2967,3,20251206,409,1,.99,.99
29,2971,3,20251206,409,1,.99,.99
29,2975,3,20251206,409,1,.99,.99
29,2979,3,20251206,409,1,.99,.99
29,2983,3,20251206,409,1,.99,.99
35,2989,4,20251209,410,1,.99,.99
35,2995,4,20251209,410,1,.99,.99
35,3001,4,20251209,410,1,.99,.99
35,3007,4,20251209,410,1,.99,.99
35,3013,4,20251209,410,1,.99,.99
35,3019,4,20251209,410,1,.99,.99
35,3025,4,20251209,410,1,.99,.99
35,3031,4,20251209,410,1,.99,.99
35,3037,4,20251209,410,1,.99,.99
44,3046,3,20251214,411,1,.99,.99
44,3055,3,20251214,411,1,.99,.99
44,3064,3,20251214,411,1,.99,.99
44,3073,3,20251214,411,1,.99,.99
44,3082,3,20251214,411,1,.99,.99
44,3091,3,20251214,411,1,.99,.99
44,3100,3,20251214,411,1,.99,.99
44,3109,3,20251214,411,1,.99,.99
44,3118,3,20251214,411,1,.99,.99
44,3127,3,20251214,411,1,.99,.99
44,3136,3,20251214,411,1,.99,.99
44,3145,3,20251214,411,1,.99,.99
44,3154,3,20251214,411,1,.99,.99
44,3163,3,20251214,411,1,.99,.99
58,3177,3,20251222,412,1,1.99,1.99
